,id,year,week,inventory_doc,material,designation,type,unit,division,store,supplier,theoritical_quantity,entred_quantity,deviation,deviation_cost,dev,date_catchment,corrected_by,catchment,delete,refecrence_inventory,inventory_number,Tys,company,currency,rate,deviation_cost_euro,week_date_cpt,year_date_cpt,percent_gap,stock_accuracy
0,692019,2022,33,100808820,4930423,Rule_DELA105105_FACOM_300 mm,POUT,U,2110,2001,,21.00,0.00,-21.00,0.00,TND,2022-08-17,L0026595,X,,,,1,LTN1,TND,3.3,0.0,33,2022,-100.0,True
1,692771,2022,33,100808798,4931124,Pack.spe_FLEURET_Specif tray A320-20VU,POUT,U,2110,2001,,82.00,200.00,118.00,0.00,TND,2022-08-16,L0026595,X,,,,1,LTN1,TND,3.3,0.0,33,2022,143.90243902439025,False
2,693232,2022,33,100808802,IS0001045S,01C0A30204G08A6,CA,U,2110,2001,,0.00,1.00,1.00,37.72,TND,2022-08-16,L0026595,X,,,,1,LTN1,TND,3.3,124.4727,33,2022,100.0,False
3,693444,2022,33,100758907,IS0001084S,01C0A30222G16A7001,CA,U,2500,2001,,4.00,2.00,-2.00,0.00,INR,2022-08-18,,X,,QTY_GAP,,1,LIN1,INR,88.2,0.0,33,2022,-50.0,True
4,693690,2022,33,100758927,IS0001146S,01C0A30924166001,CA,U,2500,2001,,3.00,3.00,0.00,0.00,INR,2022-08-18,,X,,,,1,LIN1,INR,88.2,0.0,33,2022,0.0,True
5,693692,2022,33,100758928,IS0001147S,01C0A30924207001,CA,U,2500,2001,,2.00,2.00,0.00,0.00,INR,2022-08-18,,X,,,,1,LIN1,INR,88.2,0.0,33,2022,0.0,True
6,694205,2022,33,100758962,IS0001253S,01C0A5414801217,CA,U,2500,2001,,4.00,4.00,0.00,0.00,INR,2022-08-18,,X,,,,1,LIN1,INR,88.2,0.0,33,2022,0.0,True
7,694397,2022,33,100808816,IS0001296S,01C0A5414814157001,CA,U,2110,2001,,13.00,15.00,2.00,213.11,TND,2022-08-16,L0026595,X,,,,1,LTN1,TND,3.3,703.2762,33,2022,15.384615384615385,False
8,694534,2022,33,100758983,IS0001326S,01C0A5414823216001,CA,U,2500,2001,,2.00,2.00,0.00,0.00,INR,2022-08-18,,X,,,,1,LIN1,INR,88.2,0.0,33,2022,0.0,True
9,694990,2022,33,100808800,IS0001425S,01C0A54148S02110,CA,U,2110,2001,,0.00,1.00,1.00,100.09,TND,2022-08-16,L0026595,X,,,,1,LTN1,TND,3.3,330.29367,33,2022,100.0,False
10,695037,2022,33,100758994,IS0001438S,01C0A600CAP243D6,CA,U,2500,2001,,3.00,3.00,0.00,0.00,INR,2022-08-18,,X,,,,1,LIN1,INR,88.2,0.0,33,2022,0.0,True
11,695277,2022,33,100800658,IS0001483S,01C0F383P16G08QS6001,CA,U,2110,2001,,1.00,0.00,-1.00,0.00,TND,2022-08-18,,X,,QTY_GAP,,1,LTN1,TND,3.3,0.0,33,2022,-100.0,True
12,695459,2022,33,100808800,IS0001523S,01C0F5136G79NNNN,CA,U,2110,2001,,0.00,1.00,1.00,270.93,TND,2022-08-16,L0026595,X,,,,1,LTN1,TND,3.3,894.069,33,2022,100.0,False
13,695460,2022,33,100808801,IS0001523S,01C0F5136G79NNNN,CA,U,2110,2001,,1.00,2.00,1.00,270.93,TND,2022-08-16,L0026595,X,,,,1,LTN1,TND,3.3,894.069,33,2022,100.0,False
14,696662,2022,33,100808802,IS0001773S,01C0R541480CW2335PNL,CA,U,2110,2001,,0.00,1.00,1.00,62.83,TND,2022-08-16,L0026595,X,,,,1,LTN1,TND,3.3,207.3456,33,2022,100.0,False
15,699041,2022,33,100808807,IS0002196S,01FFFPF210,CA,ML,2300,2001,,220.00,220.00,0.00,0.00,EUR,2022-08-16,L0022312,X,,,,1,LFR1,EUR,1.0,0.0,33,2022,0.0,True
16,699042,2022,33,100808807,IS0002196S,01FFFPF210,CA,ML,2300,2001,,0.00,0.00,0.00,0.00,EUR,2022-08-16,L0022312,X,,,,1,LFR1,EUR,1.0,0.0,33,2022,100.0,False
17,699558,2022,33,100808807,IS0002297S,01PR0TMS1W34,CA,U,2300,2001,,1000.00,1000.00,0.00,0.00,EUR,2022-08-16,L0022312,X,,,,1,LFR1,EUR,1.0,0.0,33,2022,0.0,True
18,699570,2022,33,100808807,IS0002299S,01PR0TMS2W12,CA,U,2300,2001,,0.00,0.00,0.00,0.00,EUR,2022-08-17,L0022312,X,,,,1,LFR1,EUR,1.0,0.0,33,2022,100.0,False
19,699604,2022,33,100808807,IS0002304S,01PR0TMS2W34,CA,U,2300,2001,,1000.00,1000.00,0.00,0.00,EUR,2022-08-16,L0022312,X,,,,1,LFR1,EUR,1.0,0.0,33,2022,0.0,True
20,699981,2022,33,100808807,IS0002405S,100028600,CA,U,2300,2001,,733.00,733.00,0.00,0.00,EUR,2022-08-16,L0022312,X,,,,1,LFR1,EUR,1.0,0.0,33,2022,0.0,True
21,700000,2022,33,100808807,IS0002412S,1042575,CA,U,2300,2001,,41.00,41.00,0.00,0.00,EUR,2022-08-16,L0022312,X,,,,1,LFR1,EUR,1.0,0.0,33,2022,0.0,True
22,700014,2022,33,100808807,IS0002417S,111SM1T,CA,U,2300,2001,,269.00,269.00,0.00,0.00,EUR,2022-08-16,L0022312,X,,,,1,LFR1,EUR,1.0,0.0,33,2022,0.0,True
23,700032,2022,33,100808807,IS0002423S,12022G,CA,U,2300,2001,,135.00,135.00,0.00,0.00,EUR,2022-08-16,L0022312,X,,,,1,LFR1,EUR,1.0,0.0,33,2022,0.0,True
24,700074,2022,33,100808807,IS0002570S,14450223,CA,U,2300,2001,,493.00,493.00,0.00,0.00,EUR,2022-08-16,L0022312,X,,,,1,LFR1,EUR,1.0,0.0,33,2022,0.0,True
25,700079,2022,33,100808807,IS0002571S,14450225,CA,U,2300,2001,,208.00,208.00,0.00,0.00,EUR,2022-08-16,L0022312,X,,,,1,LFR1,EUR,1.0,0.0,33,2022,0.0,True
26,700111,2022,33,100808807,IS0002581S,16001760,CA,U,2300,2001,,71.00,71.00,0.00,0.00,EUR,2022-08-16,L0022312,X,,,,1,LFR1,EUR,1.0,0.0,33,2022,0.0,True
27,700145,2022,33,100808807,IS0002607S,1721591,CA,U,2300,2001,,380.00,380.00,0.00,0.00,EUR,2022-08-16,L0022312,X,,,,1,LFR1,EUR,1.0,0.0,33,2022,0.0,True
28,700480,2022,33,100808807,IS0002800S,3506907,CA,U,2300,2001,,335.00,339.00,4.00,2.24,EUR,2022-08-16,L0022312,X,,,,1,LFR1,EUR,1.0,2.24,33,2022,1.1940298507462688,False
29,700492,2022,33,100808807,IS0002803S,3507801,CA,U,2300,2001,,275.00,275.00,0.00,0.00,EUR,2022-08-16,L0022312,X,,,,1,LFR1,EUR,1.0,0.0,33,2022,0.0,True
30,700519,2022,33,100808807,IS0002807S,3530174,CA,U,2300,2001,,31.00,31.00,0.00,0.00,EUR,2022-08-16,L0022312,X,,,,1,LFR1,EUR,1.0,0.0,33,2022,0.0,True
31,700527,2022,33,100808807,IS0002808S,3530175,CA,U,2300,2001,,33.00,33.00,0.00,0.00,EUR,2022-08-16,L0022312,X,,,,1,LFR1,EUR,1.0,0.0,33,2022,0.0,True
32,700593,2022,33,100808807,IS0002837S,3M6015MM,CA,M,2300,2001,,66.00,66.00,0.00,0.00,EUR,2022-08-16,L0022312,X,,,,1,LFR1,EUR,1.0,0.0,33,2022,0.0,True
33,700594,2022,33,100808807,IS0002837S,3M6015MM,CA,M,2300,2001,,231.00,231.00,0.00,0.00,EUR,2022-08-16,L0022312,X,,,,1,LFR1,EUR,1.0,0.0,33,2022,0.0,True
34,700595,2022,33,100808807,IS0002837S,3M6015MM,CA,M,2300,2001,,165.00,165.00,0.00,0.00,EUR,2022-08-16,L0022312,X,,,,1,LFR1,EUR,1.0,0.0,33,2022,0.0,True
35,700654,2022,33,100808807,IS0002845S,430300009,CA,U,2300,2001,,128.00,128.00,0.00,0.00,EUR,2022-08-16,L0022312,X,,,,1,LFR1,EUR,1.0,0.0,33,2022,0.0,True
36,700670,2022,33,100808807,IS0002850S,440HM198Z10902D,CA,U,2300,2001,,184.00,183.00,-1.00,94.13,EUR,2022-08-16,L0022312,X,,,,1,LFR1,EUR,1.0,94.13,33,2022,-0.5434782608695652,True
37,700717,2022,33,100808784,IS0002860S,487190,CA,U,2300,2001,,3269.00,3288.00,19.00,50.54,EUR,2022-08-15,L0022312,X,,,,1,LFR1,EUR,1.0,50.54,33,2022,0.5812174977057204,True
38,700723,2022,33,100808807,IS0002861S,487191,CA,U,2300,2001,,1338.00,1338.00,0.00,0.00,EUR,2022-08-16,L0022312,X,,,,1,LFR1,EUR,1.0,0.0,33,2022,0.0,True
39,700750,2022,33,100808784,IS0002895S,600052,CA,U,2300,2001,,13.00,13.00,0.00,0.00,EUR,2022-08-15,L0022312,X,,,,1,LFR1,EUR,1.0,0.0,33,2022,0.0,True
40,700753,2022,33,100790590,IS0002895S,600052,CA,U,2500,2001,,80.00,80.00,0.00,0.00,INR,2022-08-17,,X,,,,1,LIN1,INR,88.2,0.0,33,2022,0.0,True
41,700817,2022,33,100808807,IS0002899S,601R5202117BOMB,CA,U,2300,2001,,34.00,34.00,0.00,0.00,EUR,2022-08-16,L0022312,X,,,,1,LFR1,EUR,1.0,0.0,33,2022,0.0,True
42,700910,2022,33,100808807,IS0003024S,6409031,CA,U,2300,2001,,256.00,256.00,0.00,0.00,EUR,2022-08-16,L0022312,X,,,,1,LFR1,EUR,1.0,0.0,33,2022,0.0,True
43,702550,2022,33,100800711,IS0003117S,6925006600/A32-106,CC,U,2110,2001,,44.00,43.00,-1.00,0.00,TND,2022-08-18,,X,,QTY_GAP,,1,LTN1,TND,3.3,0.0,33,2022,-2.272727272727273,True
44,702557,2022,33,100800712,IS0003118S,6925006900/A32-106,CC,U,2110,2001,,96.00,54.00,-42.00,0.00,TND,2022-08-18,,X,,QTY_GAP,,1,LTN1,TND,3.3,0.0,33,2022,-43.75,True
45,702570,2022,33,100800713,IS0003119S,6925007000/A32-106,CC,U,2110,2001,,61.00,65.00,4.00,0.00,TND,2022-08-18,,X,,QTY_GAP,,1,LTN1,TND,3.3,0.0,33,2022,6.557377049180328,False
46,702575,2022,33,100800714,IS0003120S,6925007400/A32-106,CC,U,2110,2001,,43.00,41.00,-2.00,0.00,TND,2022-08-18,,X,,QTY_GAP,,1,LTN1,TND,3.3,0.0,33,2022,-4.651162790697675,True
47,702586,2022,33,100800715,IS0003121S,6925007700/A32-107,CC,U,2110,2001,,267.00,266.00,-1.00,0.00,TND,2022-08-18,,X,,,,1,LTN1,TND,3.3,0.0,33,2022,-0.37453183520599254,True
48,702593,2022,33,100800716,IS0003122S,6925007800/A32-107,CC,U,2110,2001,,67.00,66.00,-1.00,0.00,TND,2022-08-18,,X,,QTY_GAP,,1,LTN1,TND,3.3,0.0,33,2022,-1.4925373134328357,True
49,702605,2022,33,100800717,IS0003123S,6925008000/A32-106,CC,U,2110,2001,,47.00,46.00,-1.00,0.00,TND,2022-08-18,,X,,QTY_GAP,,1,LTN1,TND,3.3,0.0,33,2022,-2.127659574468085,True
50,702616,2022,33,100800718,IS0003124S,6925008400/A32-106,CC,U,2110,2001,,114.00,74.00,-40.00,0.00,TND,2022-08-18,,X,,QTY_GAP,,1,LTN1,TND,3.3,0.0,33,2022,-35.08771929824561,True
51,702638,2022,33,100800719,IS0003126S,6925010100/A32-107,CC,U,2110,2001,,168.00,168.00,0.00,0.00,TND,2022-08-18,,X,,,,1,LTN1,TND,3.3,0.0,33,2022,0.0,True
52,702648,2022,33,100800720,IS0003127S,6925015300/A32-107,CC,U,2110,2001,,144.00,146.00,2.00,0.00,TND,2022-08-18,,X,,QTY_GAP,,1,LTN1,TND,3.3,0.0,33,2022,1.3888888888888888,False
53,703613,2022,33,100808831,IS0003138S,6939600500/A32-PVU,CC,U,2000,2001,,36.00,37.00,1.00,0.00,EUR,2022-08-18,L0004011,X,,,,1,LFR1,EUR,1.0,0.0,33,2022,2.7777777777777777,False
54,703631,2022,33,100808823,IS0003143S,6953820100/A32-20,CC,U,2110,2001,,9.00,0.00,-9.00,0.00,TND,2022-08-17,L0026595,X,,,,1,LTN1,TND,3.3,0.0,33,2022,-100.0,True
55,703656,2022,33,100808833,IS0003143S,6953820100/A32-20,CC,U,2110,2001,,0.00,9.00,9.00,0.00,TND,2022-08-18,L0026595,X,,,,1,LTN1,TND,3.3,0.0,33,2022,100.0,False
56,703657,2022,33,100808836,IS0003143S,6953820100/A32-20,CC,U,2030,2001,,2.00,15.00,13.00,0.00,EUR,2022-08-18,L0027879,X,,,,1,LFR1,EUR,1.0,0.0,33,2022,650.0,False
57,704846,2022,33,100808797,IS0003171S,6984001800/A32-20,CC,U,2110,2001,,0.00,5.00,5.00,0.00,TND,2022-08-16,L0026595,X,,,,1,LTN1,TND,3.3,0.0,33,2022,100.0,False
58,704847,2022,33,100808818,IS0003171S,6984001800/A32-20,CC,U,2030,2001,,0.00,16.00,16.00,0.00,EUR,2022-08-17,L0027879,X,,,,1,LFR1,EUR,1.0,0.0,33,2022,100.0,False
59,704873,2022,33,100808819,IS0003172S,6984001900/A32-20,CC,U,2030,2001,,0.00,13.00,13.00,0.00,EUR,2022-08-17,L0027879,X,,,,1,LFR1,EUR,1.0,0.0,33,2022,100.0,False
60,705151,2022,33,100808807,IS0003254S,713HS394Z1111262A,CA,U,2300,2001,,199.00,199.00,0.00,0.00,EUR,2022-08-16,L0022312,X,,,,1,LFR1,EUR,1.0,0.0,33,2022,0.0,True
61,705252,2022,33,100808807,IS0003290S,787805513M,CA,U,2300,2001,,1.00,1.00,0.00,0.00,EUR,2022-08-16,L0022312,X,,,,1,LFR1,EUR,1.0,0.0,33,2022,0.0,True
62,705264,2022,33,100808807,IS0003292S,7942741,CA,U,2300,2001,,738.00,738.00,0.00,0.00,EUR,2022-08-16,L0022312,X,,,,1,LFR1,EUR,1.0,0.0,33,2022,0.0,True
63,705266,2022,33,100808807,IS0003293S,7942771,CA,U,2300,2001,,38.00,38.00,0.00,0.00,EUR,2022-08-16,L0022312,X,,,,1,LFR1,EUR,1.0,0.0,33,2022,0.0,True
64,705290,2022,33,100808807,IS0003299S,800CT203,CA,U,2300,2001,,27.00,27.00,0.00,0.00,EUR,2022-08-16,L0022312,X,,,,1,LFR1,EUR,1.0,0.0,33,2022,0.0,True
65,705294,2022,33,100808807,IS0003302S,809A0602,CA,U,2300,2001,,31.00,31.00,0.00,0.00,EUR,2022-08-16,L0022312,X,,,,1,LFR1,EUR,1.0,0.0,33,2022,0.0,True
66,705304,2022,33,100808807,IS0003308S,8522389A,CA,U,2300,2001,,817.00,801.00,-16.00,0.61,EUR,2022-08-16,L0022312,X,,,,1,LFR1,EUR,1.0,0.61,33,2022,-1.9583843329253363,True
67,705312,2022,33,100808807,IS0003312S,8524981577,CA,M,2300,2001,,266.00,266.00,0.00,0.00,EUR,2022-08-16,L0022312,X,,,,1,LFR1,EUR,1.0,0.0,33,2022,0.0,True
68,705406,2022,33,100800885,IS0003386M,98MA-LOT-RAILRB-10-0100,AF,U,2110,2001,,70.00,72.00,2.00,0.00,TND,2022-08-18,,X,,QTY_GAP,,1,LTN1,TND,3.3,0.0,33,2022,2.857142857142857,False
69,705422,2022,33,100800882,IS0003391M,98MA-LOT-RAILRB-10-0150,AF,U,2110,2001,,10.00,10.00,0.00,0.00,TND,2022-08-18,,X,,,,1,LTN1,TND,3.3,0.0,33,2022,0.0,True
70,705613,2022,33,100800723,IS0006166S,A9252275720300,CA,U,2110,2001,,107.00,107.00,0.00,0.00,TND,2022-08-18,,X,,,,1,LTN1,TND,3.3,0.0,33,2022,0.0,True
71,705624,2022,33,100808807,IS0006170S,AA52081E4,CA,M,2300,2001,,3199.00,3199.00,0.00,0.00,EUR,2022-08-16,L0022312,X,,,,1,LFR1,EUR,1.0,0.0,33,2022,0.0,True
72,705646,2022,33,100808807,IS0006172S,AA591631,CA,M,2300,2001,,0.00,0.00,0.00,0.00,EUR,2022-08-16,L0022312,X,,,,1,LFR1,EUR,1.0,0.0,33,2022,100.0,False
73,705647,2022,33,100808807,IS0006172S,AA591631,CA,M,2300,2001,,0.00,0.00,0.00,0.00,EUR,2022-08-16,L0022312,X,,,,1,LFR1,EUR,1.0,0.0,33,2022,100.0,False
74,705648,2022,33,100808807,IS0006172S,AA591631,CA,M,2300,2001,,0.00,0.00,0.00,0.00,EUR,2022-08-16,L0022312,X,,,,1,LFR1,EUR,1.0,0.0,33,2022,100.0,False
75,705649,2022,33,100808807,IS0006172S,AA591631,CA,M,2300,2001,,0.00,0.00,0.00,0.00,EUR,2022-08-16,L0022312,X,,,,1,LFR1,EUR,1.0,0.0,33,2022,100.0,False
76,705650,2022,33,100808807,IS0006172S,AA591631,CA,M,2300,2001,,0.00,0.00,0.00,0.00,EUR,2022-08-16,L0022312,X,,,,1,LFR1,EUR,1.0,0.0,33,2022,100.0,False
77,705651,2022,33,100808807,IS0006172S,AA591631,CA,M,2300,2001,,0.00,0.00,0.00,0.00,EUR,2022-08-16,L0022312,X,,,,1,LFR1,EUR,1.0,0.0,33,2022,100.0,False
78,705652,2022,33,100808807,IS0006172S,AA591631,CA,M,2300,2001,,0.00,0.00,0.00,0.00,EUR,2022-08-16,L0022312,X,,,,1,LFR1,EUR,1.0,0.0,33,2022,100.0,False
79,705653,2022,33,100808807,IS0006172S,AA591631,CA,M,2300,2001,,0.00,0.00,0.00,0.00,EUR,2022-08-16,L0022312,X,,,,1,LFR1,EUR,1.0,0.0,33,2022,100.0,False
80,705654,2022,33,100808807,IS0006172S,AA591631,CA,M,2300,2001,,0.00,0.00,0.00,0.00,EUR,2022-08-16,L0022312,X,,,,1,LFR1,EUR,1.0,0.0,33,2022,100.0,False
81,705655,2022,33,100808807,IS0006172S,AA591631,CA,M,2300,2001,,0.00,0.00,0.00,0.00,EUR,2022-08-16,L0022312,X,,,,1,LFR1,EUR,1.0,0.0,33,2022,100.0,False
82,705656,2022,33,100808807,IS0006172S,AA591631,CA,M,2300,2001,,647.41,647.41,0.00,0.00,EUR,2022-08-16,L0022312,X,,,,1,LFR1,EUR,1.0,0.0,33,2022,0.0,True
83,705657,2022,33,100808807,IS0006172S,AA591631,CA,M,2300,2001,,219.46,219.46,0.00,0.00,EUR,2022-08-16,L0022312,X,,,,1,LFR1,EUR,1.0,0.0,33,2022,0.0,True
84,705658,2022,33,100808807,IS0006172S,AA591631,CA,M,2300,2001,,0.00,0.00,0.00,0.00,EUR,2022-08-16,L0022312,X,,,,1,LFR1,EUR,1.0,0.0,33,2022,100.0,False
85,705669,2022,33,100808807,IS0006173S,BO2_AA591631I002005,CA,M,2300,2001,,76.79,76.81,0.02,0.05,EUR,2022-08-16,L0022312,X,,,,1,LFR1,EUR,1.0,0.05,33,2022,0.026045057950253938,True
86,705741,2022,33,100808807,IS0006194S,ABS012216,CA,U,2300,2001,,22.00,22.00,0.00,0.00,EUR,2022-08-16,L0022312,X,,,,1,LFR1,EUR,1.0,0.0,33,2022,0.0,True
87,705751,2022,33,100808782,IS0006195S,ABS012224,CA,U,2300,2001,,42.00,42.00,0.00,0.00,EUR,2022-08-15,L0022312,X,,,,1,LFR1,EUR,1.0,0.0,33,2022,0.0,True
88,705758,2022,33,100808807,IS0006196S,ABS023702,CA,U,2300,2001,,4.00,4.00,0.00,0.00,EUR,2022-08-16,L0022312,X,,,,1,LFR1,EUR,1.0,0.0,33,2022,0.0,True
89,705764,2022,33,100808807,IS0006197S,ABS023703,CA,U,2300,2001,,700.00,700.00,0.00,0.00,EUR,2022-08-16,L0022312,X,,,,1,LFR1,EUR,1.0,0.0,33,2022,0.0,True
90,705775,2022,33,100808784,IS0006198S,ABS023704,CA,U,2300,2001,,236.00,238.00,2.00,1.23,EUR,2022-08-15,L0022312,X,,,,1,LFR1,EUR,1.0,1.23,33,2022,0.847457627118644,True
91,705794,2022,33,100808807,IS0006203S,ABS02800808,CA,U,2300,2001,,9.00,9.00,0.00,0.00,EUR,2022-08-16,L0022312,X,,,,1,LFR1,EUR,1.0,0.0,33,2022,0.0,True
92,705813,2022,33,100808807,IS0006205S,ABS02801012,CA,U,2300,2001,,35.00,35.00,0.00,0.00,EUR,2022-08-16,L0022312,X,,,,1,LFR1,EUR,1.0,0.0,33,2022,0.0,True
93,705833,2022,33,100808807,IS0006207S,ABS02801412,CA,U,2300,2001,,8.00,8.00,0.00,0.00,EUR,2022-08-16,L0022312,X,,,,1,LFR1,EUR,1.0,0.0,33,2022,0.0,True
94,705852,2022,33,100808807,IS0006209S,ABS02802015,CA,U,2300,2001,,12.00,12.00,0.00,0.00,EUR,2022-08-16,L0022312,X,,,,1,LFR1,EUR,1.0,0.0,33,2022,0.0,True
95,705871,2022,33,100808807,IS0006211S,ABS02802422,CA,U,2300,2001,,8.00,8.00,0.00,0.00,EUR,2022-08-16,L0022312,X,,,,1,LFR1,EUR,1.0,0.0,33,2022,0.0,True
96,705890,2022,33,100808807,IS0006213S,ABS02810810,CA,U,2300,2001,,130.00,130.00,0.00,0.00,EUR,2022-08-16,L0022312,X,,,,1,LFR1,EUR,1.0,0.0,33,2022,0.0,True
97,705908,2022,33,100808807,IS0006214S,ABS02811008,CA,U,2300,2001,,91.00,91.00,0.00,0.00,EUR,2022-08-16,L0022312,X,,,,1,LFR1,EUR,1.0,0.0,33,2022,0.0,True
98,705957,2022,33,100808807,IS0006218S,ABS02811618,CA,U,2300,2001,,19.00,19.00,0.00,0.00,EUR,2022-08-16,L0022312,X,,,,1,LFR1,EUR,1.0,0.0,33,2022,0.0,True
99,705966,2022,33,100808807,IS0006220S,ABS02812020,CA,U,2300,2001,,2.00,2.00,0.00,0.00,EUR,2022-08-16,L0022312,X,,,,1,LFR1,EUR,1.0,0.0,33,2022,0.0,True
100,705977,2022,33,100808807,IS0006221S,ABS02812222,CA,U,2300,2001,,2.00,2.00,0.00,0.00,EUR,2022-08-16,L0022312,X,,,,1,LFR1,EUR,1.0,0.0,33,2022,0.0,True
101,706008,2022,33,100808807,IS0006225S,ABS0364C,CA,U,2300,2001,,164.00,162.00,-2.00,0.84,EUR,2022-08-16,L0022312,X,,,,1,LFR1,EUR,1.0,0.84,33,2022,-1.2195121951219512,True
102,706019,2022,33,100808807,IS0006226S,ABS0374A24,CA,U,2300,2001,,19601.00,19415.00,-186.00,12.48,EUR,2022-08-16,L0022312,X,,,,1,LFR1,EUR,1.0,12.48,33,2022,-0.9489311769807662,True
103,706052,2022,33,100808807,IS0006227S,ABS0374B,CA,U,2300,2001,,17079.00,17079.00,0.00,0.00,EUR,2022-08-16,L0022312,X,,,,1,LFR1,EUR,1.0,0.0,33,2022,0.0,True
104,706088,2022,33,100808807,IS0006230S,ABS0388A09A,CA,U,2300,2001,,120.00,120.00,0.00,0.00,EUR,2022-08-16,L0022312,X,,,,1,LFR1,EUR,1.0,0.0,33,2022,0.0,True
105,706093,2022,33,100808807,IS0006231S,ABS0388A15A,CA,U,2300,2001,,117.00,117.00,0.00,0.00,EUR,2022-08-16,L0022312,X,,,,1,LFR1,EUR,1.0,0.0,33,2022,0.0,True
106,706102,2022,33,100808807,IS0006232S,ABS0388A25A,CA,U,2300,2001,,337.00,337.00,0.00,0.00,EUR,2022-08-16,L0022312,X,,,,1,LFR1,EUR,1.0,0.0,33,2022,0.0,True
107,706115,2022,33,100808828,IS0006233S,ABS0388A50A,CA,U,2300,2001,,199.00,199.00,0.00,0.00,EUR,2022-08-17,L0022312,X,,,,1,LFR1,EUR,1.0,0.0,33,2022,0.0,True
108,706124,2022,33,100808828,IS0006234S,ABS0388B09A,CA,U,2300,2001,,35.00,35.00,0.00,0.00,EUR,2022-08-17,L0022312,X,,,,1,LFR1,EUR,1.0,0.0,33,2022,0.0,True
109,706131,2022,33,100808828,IS0006235S,ABS0388B15A,CA,U,2300,2001,,429.00,427.00,-2.00,5.22,EUR,2022-08-17,L0022312,X,,,,1,LFR1,EUR,1.0,5.22,33,2022,-0.4662004662004662,True
110,706144,2022,33,100808828,IS0006236S,ABS0388B25A,CA,U,2300,2001,,647.00,647.00,0.00,0.00,EUR,2022-08-17,L0022312,X,,,,1,LFR1,EUR,1.0,0.0,33,2022,0.0,True
111,706156,2022,33,100808828,IS0006237S,ABS050936,CA,U,2300,2001,,4.00,4.00,0.00,0.00,EUR,2022-08-17,L0022312,X,,,,1,LFR1,EUR,1.0,0.0,33,2022,0.0,True
112,706160,2022,33,100808828,IS0006238S,ABS051009,CA,M,2300,2001,,300.00,300.00,0.00,0.00,EUR,2022-08-17,L0022312,X,,,,1,LFR1,EUR,1.0,0.0,33,2022,0.0,True
113,706166,2022,33,100808828,IS0006239S,ABS051106A,CA,M,2300,2001,,50.00,50.00,0.00,0.00,EUR,2022-08-17,L0022312,X,,,,1,LFR1,EUR,1.0,0.0,33,2022,0.0,True
114,706174,2022,33,100808828,IS0006240S,ABS051109A,CA,M,2300,2001,,250.00,250.00,0.00,0.00,EUR,2022-08-17,L0022312,X,,,,1,LFR1,EUR,1.0,0.0,33,2022,0.0,True
115,706187,2022,33,100808828,IS0006242S,ABS051309,CA,U,2300,2001,,6.00,6.00,0.00,0.00,EUR,2022-08-17,L0022312,X,,,,1,LFR1,EUR,1.0,0.0,33,2022,0.0,True
116,706196,2022,33,100808828,IS0006243S,ABS051312,CA,U,2300,2001,,32.00,32.00,0.00,0.00,EUR,2022-08-17,L0022312,X,,,,1,LFR1,EUR,1.0,0.0,33,2022,0.0,True
117,706203,2022,33,100808828,IS0006244S,ABS051320,CA,U,2300,2001,,26.00,26.00,0.00,0.00,EUR,2022-08-17,L0022312,X,,,,1,LFR1,EUR,1.0,0.0,33,2022,0.0,True
118,706260,2022,33,100808782,IS0006252S,ABS0519V1524P,CA,U,2300,2001,,7.00,7.00,0.00,0.00,EUR,2022-08-15,L0022312,X,,,,1,LFR1,EUR,1.0,0.0,33,2022,0.0,True
119,706279,2022,33,100808782,IS0006255S,ABS052007P,CA,U,2300,2001,,187.00,187.00,0.00,0.00,EUR,2022-08-15,L0022312,X,,,,1,LFR1,EUR,1.0,0.0,33,2022,0.0,True
120,706286,2022,33,100808782,IS0006256S,ABS052009P,CA,U,2300,2001,,84.00,84.00,0.00,0.00,EUR,2022-08-15,L0022312,X,,,,1,LFR1,EUR,1.0,0.0,33,2022,0.0,True
121,706301,2022,33,100808782,IS0006258S,ABS052013P,CA,U,2300,2001,,207.00,208.00,1.00,3.85,EUR,2022-08-15,L0022312,X,,,,1,LFR1,EUR,1.0,3.85,33,2022,0.4830917874396135,True
122,706322,2022,33,100808828,IS0006261S,ABS052208P,CA,U,2300,2001,,28.00,28.00,0.00,0.00,EUR,2022-08-17,L0022312,X,,,,1,LFR1,EUR,1.0,0.0,33,2022,0.0,True
123,706332,2022,33,100808828,IS0006262S,ABS052210P,CA,U,2300,2001,,0.00,0.00,0.00,0.00,EUR,2022-08-17,L0022312,X,,,,1,LFR1,EUR,1.0,0.0,33,2022,100.0,False
124,706341,2022,33,100808828,IS0006263S,ABS052212P,CA,U,2300,2001,,17.00,17.00,0.00,0.00,EUR,2022-08-17,L0022312,X,,,,1,LFR1,EUR,1.0,0.0,33,2022,0.0,True
125,706349,2022,33,100808828,IS0006264S,ABS052409P,CA,U,2300,2001,,264.00,264.00,0.00,0.00,EUR,2022-08-17,L0022312,X,,,,1,LFR1,EUR,1.0,0.0,33,2022,0.0,True
126,706363,2022,33,100808828,IS0006266S,ABS0581V0809P,CA,U,2300,2001,,161.00,161.00,0.00,0.00,EUR,2022-08-17,L0022312,X,,,,1,LFR1,EUR,1.0,0.0,33,2022,0.0,True
127,706375,2022,33,100808782,IS0006267S,ABS0581V08A06P,CA,U,2300,2001,,0.00,0.00,0.00,0.00,EUR,2022-08-15,L0022312,X,,,,1,LFR1,EUR,1.0,0.0,33,2022,100.0,False
128,706380,2022,33,100808828,IS0006268S,ABS0581V08A09P,CA,U,2300,2001,,12.00,12.00,0.00,0.00,EUR,2022-08-17,L0022312,X,,,,1,LFR1,EUR,1.0,0.0,33,2022,0.0,True
129,706389,2022,33,100808828,IS0006269S,ABS0581V1006P,CA,U,2300,2001,,5.00,5.00,0.00,0.00,EUR,2022-08-17,L0022312,X,,,,1,LFR1,EUR,1.0,0.0,33,2022,0.0,True
130,706398,2022,33,100808828,IS0006270S,ABS0581V1009P,CA,U,2300,2001,,13.00,13.00,0.00,0.00,EUR,2022-08-17,L0022312,X,,,,1,LFR1,EUR,1.0,0.0,33,2022,0.0,True
131,706408,2022,33,100808828,IS0006271S,ABS0581V10A06P,CA,U,2300,2001,,14.00,14.00,0.00,0.00,EUR,2022-08-17,L0022312,X,,,,1,LFR1,EUR,1.0,0.0,33,2022,0.0,True
132,706436,2022,33,100808782,IS0006275S,ABS0581V12A09P,CA,U,2300,2001,,6.00,6.00,0.00,0.00,EUR,2022-08-15,L0022312,X,,,,1,LFR1,EUR,1.0,0.0,33,2022,0.0,True
133,706474,2022,33,100808782,IS0006281S,ABS0581V20A12P,CA,U,2300,2001,,11.00,11.00,0.00,0.00,EUR,2022-08-15,L0022312,X,,,,1,LFR1,EUR,1.0,0.0,33,2022,0.0,True
134,706526,2022,33,100808828,IS0006290S,ABS0582V1009P,CA,U,2300,2001,,50.00,50.00,0.00,0.00,EUR,2022-08-17,L0022312,X,,,,1,LFR1,EUR,1.0,0.0,33,2022,0.0,True
135,706527,2022,33,100808782,IS0006290S,ABS0582V1009P,CA,U,2300,2001,,48.00,48.00,0.00,0.00,EUR,2022-08-15,L0022312,X,,,,1,LFR1,EUR,1.0,0.0,33,2022,0.0,True
136,706557,2022,33,100808828,IS0006294S,ABS0582V1214P,CA,U,2300,2001,,7.00,7.00,0.00,0.00,EUR,2022-08-17,L0022312,X,,,,1,LFR1,EUR,1.0,0.0,33,2022,0.0,True
137,706564,2022,33,100808828,IS0006295S,ABS0582V1709P,CA,U,2300,2001,,14.00,14.00,0.00,0.00,EUR,2022-08-17,L0022312,X,,,,1,LFR1,EUR,1.0,0.0,33,2022,0.0,True
138,706581,2022,33,100808828,IS0006297S,ABS0582V1712P,CA,U,2300,2001,,5.00,5.00,0.00,0.00,EUR,2022-08-17,L0022312,X,,,,1,LFR1,EUR,1.0,0.0,33,2022,0.0,True
139,706587,2022,33,100808828,IS0006298S,ABS0582V1720P,CA,U,2300,2001,,24.00,24.00,0.00,0.00,EUR,2022-08-17,L0022312,X,,,,1,LFR1,EUR,1.0,0.0,33,2022,0.0,True
140,706596,2022,33,100808828,IS0006299S,ABS0582V1724P,CA,U,2300,2001,,13.00,13.00,0.00,0.00,EUR,2022-08-17,L0022312,X,,,,1,LFR1,EUR,1.0,0.0,33,2022,0.0,True
141,706603,2022,33,100808828,IS0006300S,ABS0582V2109P,CA,U,2300,2001,,6.00,6.00,0.00,0.00,EUR,2022-08-17,L0022312,X,,,,1,LFR1,EUR,1.0,0.0,33,2022,0.0,True
142,706620,2022,33,100808828,IS0006302S,ABS0582V2524P,CA,U,2300,2001,,19.00,19.00,0.00,0.00,EUR,2022-08-17,L0022312,X,,,,1,LFR1,EUR,1.0,0.0,33,2022,0.0,True
143,706626,2022,33,100808828,IS0006303S,ABS058309AP,CA,U,2300,2001,,257.00,257.00,0.00,0.00,EUR,2022-08-17,L0022312,X,,,,1,LFR1,EUR,1.0,0.0,33,2022,0.0,True
144,706634,2022,33,100808828,IS0006304S,ABS058312BP,CA,U,2300,2001,,21.00,21.00,0.00,0.00,EUR,2022-08-17,L0022312,X,,,,1,LFR1,EUR,1.0,0.0,33,2022,0.0,True
145,706640,2022,33,100808828,IS0006305S,ABS058317AP,CA,U,2300,2001,,9.00,9.00,0.00,0.00,EUR,2022-08-17,L0022312,X,,,,1,LFR1,EUR,1.0,0.0,33,2022,0.0,True
146,706647,2022,33,100808828,IS0006306S,ABS058321AP,CA,U,2300,2001,,5.00,5.00,0.00,0.00,EUR,2022-08-17,L0022312,X,,,,1,LFR1,EUR,1.0,0.0,33,2022,0.0,True
147,706655,2022,33,100808828,IS0006307S,ABS05871402,CA,U,2300,2001,,20.00,20.00,0.00,0.00,EUR,2022-08-17,L0022312,X,,,,1,LFR1,EUR,1.0,0.0,33,2022,0.0,True
148,706687,2022,33,100808828,IS0006312S,ABS063106A,CA,M,2300,2001,,100.00,100.00,0.00,0.00,EUR,2022-08-17,L0022312,X,,,,1,LFR1,EUR,1.0,0.0,33,2022,0.0,True
149,706701,2022,33,100808828,IS0006314S,ABS063110A,CA,M,2300,2001,,0.00,0.00,0.00,0.00,EUR,2022-08-17,L0022312,X,,,,1,LFR1,EUR,1.0,0.0,33,2022,100.0,False
150,706713,2022,33,100808828,IS0006316S,ABS063114A,CA,M,2300,2001,,0.00,0.00,0.00,0.00,EUR,2022-08-17,L0022312,X,,,,1,LFR1,EUR,1.0,0.0,33,2022,100.0,False
151,706770,2022,33,100808828,IS0006322S,ABS0638A12,CA,U,2300,2001,,90.00,90.00,0.00,0.00,EUR,2022-08-17,L0022312,X,,,,1,LFR1,EUR,1.0,0.0,33,2022,0.0,True
152,706799,2022,33,100808782,IS0006324S,ABS0638A16,CA,U,2300,2001,,833.00,829.00,-4.00,8.08,EUR,2022-08-15,L0022312,X,,,,1,LFR1,EUR,1.0,8.08,33,2022,-0.4801920768307323,True
153,706868,2022,33,100808828,IS0006327S,ABS0638A22,CA,U,2300,2001,,90.00,90.00,0.00,0.00,EUR,2022-08-17,L0022312,X,,,,1,LFR1,EUR,1.0,0.0,33,2022,0.0,True
154,706889,2022,33,100808828,IS0006328S,ABS0638A24,CA,U,2300,2001,,471.00,471.00,0.00,0.00,EUR,2022-08-17,L0022312,X,,,,1,LFR1,EUR,1.0,0.0,33,2022,0.0,True
155,706908,2022,33,100808828,IS0006329S,ABS0638B08,CA,U,2300,2001,,0.00,0.00,0.00,0.00,EUR,2022-08-17,L0022312,X,,,,1,LFR1,EUR,1.0,0.0,33,2022,100.0,False
156,706954,2022,33,100808828,IS0006331S,ABS0638B12,CA,U,2300,2001,,118.00,118.00,0.00,0.00,EUR,2022-08-17,L0022312,X,,,,1,LFR1,EUR,1.0,0.0,33,2022,0.0,True
157,706993,2022,33,100808828,IS0006333S,ABS0638B16,CA,U,2300,2001,,114.00,114.00,0.00,0.00,EUR,2022-08-17,L0022312,X,,,,1,LFR1,EUR,1.0,0.0,33,2022,0.0,True
158,707064,2022,33,100808828,IS0006336S,ABS0638B22,CA,U,2300,2001,,50.00,50.00,0.00,0.00,EUR,2022-08-17,L0022312,X,,,,1,LFR1,EUR,1.0,0.0,33,2022,0.0,True
159,707080,2022,33,100808828,IS0006337S,ABS0638C12,CA,U,2300,2001,,263.00,263.00,0.00,0.00,EUR,2022-08-17,L0022312,X,,,,1,LFR1,EUR,1.0,0.0,33,2022,0.0,True
160,707113,2022,33,100808828,IS0006341S,ABS0656A1B1,CA,U,2300,2001,,426.00,426.00,0.00,0.00,EUR,2022-08-17,L0022312,X,,,,1,LFR1,EUR,1.0,0.0,33,2022,0.0,True
161,707134,2022,33,100808828,IS0006343S,ABS0656B1B1,CA,U,2300,2001,,177.00,177.00,0.00,0.00,EUR,2022-08-17,L0022312,X,,,,1,LFR1,EUR,1.0,0.0,33,2022,0.0,True
162,707150,2022,33,100808828,IS0006344S,ABS066501,CA,U,2300,2001,,1253.00,1268.00,15.00,3.45,EUR,2022-08-17,L0022312,X,,,,1,LFR1,EUR,1.0,3.45,33,2022,1.1971268954509178,False
163,707156,2022,33,100808828,IS0006346S,ABS066601,CA,U,2300,2001,,1920.00,1920.00,0.00,0.00,EUR,2022-08-17,L0022312,X,,,,1,LFR1,EUR,1.0,0.0,33,2022,0.0,True
164,707160,2022,33,100808828,IS0006348S,ABS066701,CA,U,2300,2001,,1578.00,1565.00,-13.00,4.55,EUR,2022-08-17,L0022312,X,,,,1,LFR1,EUR,1.0,4.55,33,2022,-0.8238276299112801,True
165,707189,2022,33,100808828,IS0006352S,ABS0693V1009P,CA,U,2300,2001,,88.00,88.00,0.00,0.00,EUR,2022-08-17,L0022312,X,,,,1,LFR1,EUR,1.0,0.0,33,2022,0.0,True
166,707215,2022,33,100808828,IS0006355S,ABS0713DW09SEA,CA,U,2300,2001,,214.00,214.00,0.00,0.00,EUR,2022-08-17,L0022312,X,,,,1,LFR1,EUR,1.0,0.0,33,2022,0.0,True
167,707433,2022,33,100808828,IS0006381S,ABS0916B04,CA,M,2300,2001,,300.00,300.00,0.00,0.00,EUR,2022-08-17,L0022312,X,,,,1,LFR1,EUR,1.0,0.0,33,2022,0.0,True
168,707434,2022,33,100808828,IS0006381S,ABS0916B04,CA,M,2300,2001,,100.00,100.00,0.00,0.00,EUR,2022-08-17,L0022312,X,,,,1,LFR1,EUR,1.0,0.0,33,2022,0.0,True
169,707446,2022,33,100800734,IS0006382S,ABS0916B05,CA,M,2110,2001,,2150.00,2150.00,0.00,0.00,TND,2022-08-18,,X,,,,1,LTN1,TND,3.3,0.0,33,2022,0.0,True
170,707452,2022,33,100808828,IS0006382S,ABS0916B05,CA,M,2300,2001,,900.00,900.00,0.00,0.00,EUR,2022-08-17,L0022312,X,,,,1,LFR1,EUR,1.0,0.0,33,2022,0.0,True
171,707469,2022,33,100808828,IS0006384S,ABS0916B07,CA,M,2300,2001,,330.00,330.00,0.00,0.00,EUR,2022-08-17,L0022312,X,,,,1,LFR1,EUR,1.0,0.0,33,2022,0.0,True
172,707484,2022,33,100808828,IS0006385S,ABS0916B08,CA,M,2300,2001,,1650.00,1650.00,0.00,0.00,EUR,2022-08-17,L0022312,X,,,,1,LFR1,EUR,1.0,0.0,33,2022,0.0,True
173,707502,2022,33,100808828,IS0006386S,ABS0916B09,CA,M,2300,2001,,150.00,150.00,0.00,0.00,EUR,2022-08-17,L0022312,X,,,,1,LFR1,EUR,1.0,0.0,33,2022,0.0,True
174,707519,2022,33,100808828,IS0006389S,ABS09320608,CA,U,2300,2001,,8.00,8.00,0.00,0.00,EUR,2022-08-17,L0022312,X,,,,1,LFR1,EUR,1.0,0.0,33,2022,0.0,True
175,707529,2022,33,100808828,IS0006391S,ABS09321016,CA,U,2300,2001,,11.00,11.00,0.00,0.00,EUR,2022-08-17,L0022312,X,,,,1,LFR1,EUR,1.0,0.0,33,2022,0.0,True
176,707534,2022,33,100808828,IS0006392S,ABS09321321,CA,U,2300,2001,,7.00,7.00,0.00,0.00,EUR,2022-08-17,L0022312,X,,,,1,LFR1,EUR,1.0,0.0,33,2022,0.0,True
177,707542,2022,33,100808828,IS0006393S,ABS09321324,CA,U,2300,2001,,22.00,22.00,0.00,0.00,EUR,2022-08-17,L0022312,X,,,,1,LFR1,EUR,1.0,0.0,33,2022,0.0,True
178,707551,2022,33,100808828,IS0006395S,ABS09330710,CA,U,2300,2001,,981.00,981.00,0.00,0.00,EUR,2022-08-17,L0022312,X,,,,1,LFR1,EUR,1.0,0.0,33,2022,0.0,True
179,707560,2022,33,100808828,IS0006396S,ABS09331016,CA,U,2300,2001,,68.00,68.00,0.00,0.00,EUR,2022-08-17,L0022312,X,,,,1,LFR1,EUR,1.0,0.0,33,2022,0.0,True
180,707567,2022,33,100808828,IS0006397S,ABS09331321,CA,U,2300,2001,,118.00,118.00,0.00,0.00,EUR,2022-08-17,L0022312,X,,,,1,LFR1,EUR,1.0,0.0,33,2022,0.0,True
181,707592,2022,33,100808828,IS0006401S,ABS093506,CA,U,2300,2001,,47.00,47.00,0.00,0.00,EUR,2022-08-17,L0022312,X,,,,1,LFR1,EUR,1.0,0.0,33,2022,0.0,True
182,707600,2022,33,100808828,IS0006402S,ABS093507,CA,U,2300,2001,,734.00,734.00,0.00,0.00,EUR,2022-08-17,L0022312,X,,,,1,LFR1,EUR,1.0,0.0,33,2022,0.0,True
183,707610,2022,33,100808828,IS0006403S,ABS093510,CA,U,2300,2001,,23.00,23.00,0.00,0.00,EUR,2022-08-17,L0022312,X,,,,1,LFR1,EUR,1.0,0.0,33,2022,0.0,True
184,707636,2022,33,100808782,IS0006407S,ABS094002,CA,U,2300,2001,,229.00,229.00,0.00,0.00,EUR,2022-08-15,L0022312,X,,,,1,LFR1,EUR,1.0,0.0,33,2022,0.0,True
185,708272,2022,33,100808784,IS0006497S,ABS1069004A01,CA,U,2300,2001,,104.00,104.00,0.00,0.00,EUR,2022-08-15,L0022312,X,,,,1,LFR1,EUR,1.0,0.0,33,2022,0.0,True
186,708352,2022,33,100808807,IS0006514S,ABS1145A15P03A,CA,U,2300,2001,,279.00,279.00,0.00,0.00,EUR,2022-08-16,L0022312,X,,,,1,LFR1,EUR,1.0,0.0,33,2022,0.0,True
187,708674,2022,33,100808784,IS0006623S,ABS1426P1802NF,CA,U,2300,2001,,81.00,81.00,0.00,0.00,EUR,2022-08-15,L0022312,X,,,,1,LFR1,EUR,1.0,0.0,33,2022,0.0,True
188,708886,2022,33,100808782,IS0006646S,ABS147501,CA,U,2300,2001,,0.00,0.00,0.00,0.00,EUR,2022-08-15,L0022312,X,,,,1,LFR1,EUR,1.0,0.0,33,2022,100.0,False
189,708887,2022,33,100808782,IS0006646S,ABS147501,CA,U,2300,2001,,0.00,0.00,0.00,0.00,EUR,2022-08-15,L0022312,X,,,,1,LFR1,EUR,1.0,0.0,33,2022,100.0,False
190,708888,2022,33,100808782,IS0006646S,ABS147501,CA,U,2300,2001,,0.00,0.00,0.00,0.00,EUR,2022-08-15,L0022312,X,,,,1,LFR1,EUR,1.0,0.0,33,2022,100.0,False
191,708889,2022,33,100808782,IS0006646S,ABS147501,CA,U,2300,2001,,0.00,0.00,0.00,0.00,EUR,2022-08-15,L0022312,X,,,,1,LFR1,EUR,1.0,0.0,33,2022,100.0,False
192,708890,2022,33,100808782,IS0006646S,ABS147501,CA,U,2300,2001,,0.00,0.00,0.00,0.00,EUR,2022-08-15,L0022312,X,,,,1,LFR1,EUR,1.0,0.0,33,2022,100.0,False
193,708891,2022,33,100808782,IS0006646S,ABS147501,CA,U,2300,2001,,0.00,0.00,0.00,0.00,EUR,2022-08-15,L0022312,X,,,,1,LFR1,EUR,1.0,0.0,33,2022,100.0,False
194,708892,2022,33,100808782,IS0006646S,ABS147501,CA,U,2300,2001,,0.00,0.00,0.00,0.00,EUR,2022-08-15,L0022312,X,,,,1,LFR1,EUR,1.0,0.0,33,2022,100.0,False
195,708893,2022,33,100808782,IS0006646S,ABS147501,CA,U,2300,2001,,0.00,0.00,0.00,0.00,EUR,2022-08-15,L0022312,X,,,,1,LFR1,EUR,1.0,0.0,33,2022,100.0,False
196,708894,2022,33,100808782,IS0006646S,ABS147501,CA,U,2300,2001,,0.00,0.00,0.00,0.00,EUR,2022-08-15,L0022312,X,,,,1,LFR1,EUR,1.0,0.0,33,2022,100.0,False
197,708895,2022,33,100808782,IS0006646S,ABS147501,CA,U,2300,2001,,0.00,0.00,0.00,0.00,EUR,2022-08-15,L0022312,X,,,,1,LFR1,EUR,1.0,0.0,33,2022,100.0,False
198,708896,2022,33,100808782,IS0006646S,ABS147501,CA,U,2300,2001,,105.00,105.00,0.00,0.00,EUR,2022-08-15,L0022312,X,,,,1,LFR1,EUR,1.0,0.0,33,2022,0.0,True
199,708897,2022,33,100808782,IS0006646S,ABS147501,CA,U,2300,2001,,57.00,57.00,0.00,0.00,EUR,2022-08-15,L0022312,X,,,,1,LFR1,EUR,1.0,0.0,33,2022,0.0,True
200,708898,2022,33,100808782,IS0006646S,ABS147501,CA,U,2300,2001,,0.00,0.00,0.00,0.00,EUR,2022-08-15,L0022312,X,,,,1,LFR1,EUR,1.0,0.0,33,2022,100.0,False
201,708899,2022,33,100808782,IS0006646S,ABS147501,CA,U,2300,2001,,0.00,0.00,0.00,0.00,EUR,2022-08-15,L0022312,X,,,,1,LFR1,EUR,1.0,0.0,33,2022,100.0,False
202,708935,2022,33,100808782,IS0006647S,ABS147503,CA,U,2300,2001,,300.00,293.00,-7.00,73.64,EUR,2022-08-15,L0022312,X,,,,1,LFR1,EUR,1.0,73.64,33,2022,-2.3333333333333335,True
203,708952,2022,33,100808782,IS0006647S,ABS147503,CA,U,2300,2001,,0.00,0.00,0.00,0.00,EUR,2022-08-15,L0022312,X,,,,1,LFR1,EUR,1.0,0.0,33,2022,100.0,False
204,709380,2022,33,100808834,IS0006707S,ABS1599A20D,CA,U,2110,2001,,26.00,55.00,29.00,4865.39,TND,2022-08-18,L0024803,X,,,,1,LTN1,TND,3.3,16055.781,33,2022,111.53846153846155,False
205,709389,2022,33,100808834,IS0006708S,ABS1599A20E,CA,U,2110,2001,,71.00,96.00,25.00,3469.13,TND,2022-08-18,L0024803,X,,,,1,LTN1,TND,3.3,11448.112,33,2022,35.2112676056338,False
206,709544,2022,33,100800736,IS0006747S,ABS169902,CA,U,2110,2001,,538.00,538.00,0.00,0.00,TND,2022-08-18,,X,,,,1,LTN1,TND,3.3,0.0,33,2022,0.0,True
207,710624,2022,33,100800737,IS0006903S,ABS2309DM01,CA,U,2110,2001,,170.00,170.00,0.00,0.00,TND,2022-08-18,,X,,,,1,LTN1,TND,3.3,0.0,33,2022,0.0,True
208,710663,2022,33,100808782,IS0006908S,ABS2413135,CA,M,2300,2001,,150.00,150.00,0.00,0.00,EUR,2022-08-15,L0022312,X,,,,1,LFR1,EUR,1.0,0.0,33,2022,0.0,True
209,712782,2022,33,100800738,IS0007040S,ASNE0072RB5782UJ,CA,U,2110,2001,,188.00,89.00,-99.00,0.00,TND,2022-08-18,,X,,QTY_GAP,,1,LTN1,TND,3.3,0.0,33,2022,-52.659574468085104,True
210,712831,2022,33,100800740,IS0007047S,ASNE0072RB594U7J,CA,U,2110,2001,,629.00,629.00,0.00,0.00,TND,2022-08-18,,X,,,,1,LTN1,TND,3.3,0.0,33,2022,0.0,True
211,713065,2022,33,100800741,IS0007079S,ASNE008910160,CA,U,2110,2001,,996.00,987.00,-9.00,0.00,TND,2022-08-18,,X,,,,1,LTN1,TND,3.3,0.0,33,2022,-0.9036144578313252,True
212,714023,2022,33,100808784,IS0007210S,ASNE01990212K,CA,U,2300,2001,,173.00,173.00,0.00,0.00,EUR,2022-08-15,L0022312,X,,,,1,LFR1,EUR,1.0,0.0,33,2022,0.0,True
213,714131,2022,33,100800746,IS0007224S,ASNE0219AS,CA,U,2110,2001,,589.00,589.00,0.00,0.00,TND,2022-08-18,,X,,,,1,LTN1,TND,3.3,0.0,33,2022,0.0,True
214,714233,2022,33,100808828,IS0007239S,ASNE0237E25S03A,CA,U,2300,2001,,71.00,71.00,0.00,0.00,EUR,2022-08-17,L0022312,X,,,,1,LFR1,EUR,1.0,0.0,33,2022,0.0,True
215,714250,2022,33,100800880,IS0007243S,ASNE0237F50S03A,CA,U,2110,2001,,1125.00,1125.00,0.00,0.00,TND,2022-08-18,,X,,,,1,LTN1,TND,3.3,0.0,33,2022,0.0,True
216,714275,2022,33,100800747,IS0007245S,ASNE0242A28A0,CA,U,2110,2001,,197.00,138.00,-59.00,0.00,TND,2022-08-18,,X,,QTY_GAP,,1,LTN1,TND,3.3,0.0,33,2022,-29.949238578680205,True
217,714332,2022,33,100800749,IS0007248S,ASNE0245115B0,CA,U,2110,2001,,326.00,326.00,0.00,0.00,TND,2022-08-18,,X,,,,1,LTN1,TND,3.3,0.0,33,2022,0.0,True
218,714830,2022,33,100800751,IS0007270S,ASNE0250A0S,CA,U,2110,2001,,1136.00,1305.00,169.00,0.00,TND,2022-08-18,,X,,QTY_GAP,,1,LTN1,TND,3.3,0.0,33,2022,14.876760563380282,False
219,715581,2022,33,100808807,IS0007397S,ASNE0389V15,CA,M,2300,2001,,150.00,150.00,0.00,0.00,EUR,2022-08-16,L0022312,X,,,,1,LFR1,EUR,1.0,0.0,33,2022,0.0,True
220,715790,2022,33,100800758,IS0007420S,ASNE0432A06,CA,M,2110,2001,,5800.00,4200.00,-1600.00,0.00,TND,2022-08-18,,X,,QTY_GAP,,1,LTN1,TND,3.3,0.0,33,2022,-27.586206896551722,True
221,715812,2022,33,100800759,IS0007421S,ASNE0432A09,CA,M,2110,2001,,6600.00,5400.00,-1200.00,0.00,TND,2022-08-18,,X,,QTY_GAP,,1,LTN1,TND,3.3,0.0,33,2022,-18.181818181818183,True
222,715957,2022,33,100808784,IS0007438S,ASNE0444SE0803SNA,CA,U,2300,2001,,131.00,131.00,0.00,0.00,EUR,2022-08-15,L0022312,X,,,,1,LFR1,EUR,1.0,0.0,33,2022,0.0,True
223,716578,2022,33,100800760,IS0007513S,ASNE0519E1000ZUV,CA,U,2110,2001,,0.00,0.00,0.00,0.00,TND,2022-08-18,,X,,,,1,LTN1,TND,3.3,0.0,33,2022,100.0,False
224,716642,2022,33,100808807,IS0007531S,ASNE0546DZ2002,CA,U,2300,2001,,186.00,186.00,0.00,0.00,EUR,2022-08-16,L0022312,X,,,,1,LFR1,EUR,1.0,0.0,33,2022,0.0,True
225,717413,2022,33,100800763,IS0007664S,ASNE0680P00,CA,U,2110,2001,,12784.00,14527.00,1743.00,0.00,TND,2022-08-18,,X,,QTY_GAP,,1,LTN1,TND,3.3,0.0,33,2022,13.634230287859825,False
226,717467,2022,33,100808784,IS0007670S,ASNE0685LE2200,CA,U,2300,2001,,0.00,0.00,0.00,0.00,EUR,2022-08-15,L0022312,X,,,,1,LFR1,EUR,1.0,0.0,33,2022,100.0,False
227,717587,2022,33,100800766,IS0007684S,ASNE07180120,CA,U,2110,2001,,6260.00,5250.00,-1010.00,0.00,TND,2022-08-18,,X,,QTY_GAP,,1,LTN1,TND,3.3,0.0,33,2022,-16.134185303514375,True
228,717627,2022,33,100808784,IS0007686S,ASNE07180220,CA,U,2300,2001,,2670.00,2604.00,-66.00,3.03,EUR,2022-08-15,L0022312,X,,,,1,LFR1,EUR,1.0,3.03,33,2022,-2.4719101123595504,True
229,718090,2022,33,100800769,IS0008681M,98AA-LOT-DR24-10-LG20,AF,U,2110,2001,,15000.00,15000.00,0.00,0.00,TND,2022-08-18,,X,,,,1,LTN1,TND,3.3,0.0,33,2022,0.0,True
230,718295,2022,33,100808782,IS0008747S,D3899926FC98PN,CA,U,2300,2001,,420.00,420.00,0.00,0.00,EUR,2022-08-15,L0022312,X,,,,1,LFR1,EUR,1.0,0.0,33,2022,0.0,True
231,718366,2022,33,100808782,IS0008775S,D3899926MA98BN,CA,U,2300,2001,,186.00,186.00,0.00,0.00,EUR,2022-08-15,L0022312,X,,,,1,LFR1,EUR,1.0,0.0,33,2022,0.0,True
232,718433,2022,33,100808784,IS0008792S,D43636,CA,U,2300,2001,,0.00,0.00,0.00,0.00,EUR,2022-08-15,L0022312,X,,,,1,LFR1,EUR,1.0,0.0,33,2022,100.0,False
233,718495,2022,33,100808784,IS0008797S,D43684,CA,U,2300,2001,,846.00,846.00,0.00,0.00,EUR,2022-08-15,L0022312,X,,,,1,LFR1,EUR,1.0,0.0,33,2022,0.0,True
234,718516,2022,33,100800772,IS0008806S,D9241067600000,CA,U,2110,2001,,0.00,0.00,0.00,0.00,TND,2022-08-18,,X,,,,1,LTN1,TND,3.3,0.0,33,2022,100.0,False
235,718559,2022,33,100800773,IS0008812S,D9251073300000,CA,U,2110,2001,,0.00,0.00,0.00,0.00,TND,2022-08-18,,X,,,,1,LTN1,TND,3.3,0.0,33,2022,100.0,False
236,718578,2022,33,100800774,IS0008815S,D9251074120000,CA,U,2110,2001,,102.00,102.00,0.00,0.00,TND,2022-08-18,,X,,,,1,LTN1,TND,3.3,0.0,33,2022,0.0,True
237,718617,2022,33,100800775,IS0008821S,D9251102000000,CA,U,2110,2001,,236.00,226.00,-10.00,0.00,TND,2022-08-18,,X,,QTY_GAP,,1,LTN1,TND,3.3,0.0,33,2022,-4.23728813559322,True
238,718644,2022,33,100800776,IS0008823S,D9251105800000,CA,U,2110,2001,,221.00,221.00,0.00,0.00,TND,2022-08-18,,X,,,,1,LTN1,TND,3.3,0.0,33,2022,0.0,True
239,718720,2022,33,100800779,IS0008829S,D9251154120000,CA,U,2110,2001,,268.00,268.00,0.00,0.00,TND,2022-08-18,,X,,,,1,LTN1,TND,3.3,0.0,33,2022,0.0,True
240,718728,2022,33,100800780,IS0008830S,D9251178520000,CA,U,2110,2001,,14.00,14.00,0.00,0.00,TND,2022-08-18,,X,,,,1,LTN1,TND,3.3,0.0,33,2022,0.0,True
241,718781,2022,33,100800783,IS0008837S,D9251593600000,CA,U,2110,2001,,153.00,96.00,-57.00,0.00,TND,2022-08-18,,X,,QTY_GAP,,1,LTN1,TND,3.3,0.0,33,2022,-37.254901960784316,True
242,718814,2022,33,100800784,IS0008839S,D92517336000,CA,U,2110,2001,,73.00,77.00,4.00,0.00,TND,2022-08-18,,X,,QTY_GAP,,1,LTN1,TND,3.3,0.0,33,2022,5.47945205479452,False
243,718875,2022,33,100800786,IS0008845S,D92517995,CA,U,2110,2001,,451.00,451.00,0.00,0.00,TND,2022-08-18,,X,,,,1,LTN1,TND,3.3,0.0,33,2022,0.0,True
244,718925,2022,33,100808821,IS0008850S,D92519433000,CA,U,2110,2001,,4.00,0.00,-4.00,206.20,TND,2022-08-17,L0026595,X,,,,1,LTN1,TND,3.3,680.47314,33,2022,-100.0,True
245,719204,2022,33,100800790,IS0008995S,E0242A115B0,CA,U,2110,2001,,53.00,45.00,-8.00,0.00,TND,2022-08-18,,X,,QTY_GAP,,1,LTN1,TND,3.3,0.0,33,2022,-15.09433962264151,True
246,720299,2022,33,100800802,IS0009123S,EN2996004A10AB,CA,U,2110,2001,,355.00,355.00,0.00,0.00,TND,2022-08-18,,X,,,,1,LTN1,TND,3.3,0.0,33,2022,0.0,True
247,720605,2022,33,100808807,IS0009230S,EN2997SE01212B7,CA,U,2300,2001,,235.00,235.00,0.00,0.00,EUR,2022-08-16,L0022312,X,,,,1,LFR1,EUR,1.0,0.0,33,2022,0.0,True
248,720748,2022,33,100808784,IS0009248S,EN2997SE02028A6,CA,U,2300,2001,,1.00,1.00,0.00,0.00,EUR,2022-08-15,L0022312,X,,,,1,LFR1,EUR,1.0,0.0,33,2022,0.0,True
249,721268,2022,33,100808782,IS0009315S,EN3155003F2020,CA,U,2300,2001,,12980.00,12976.00,-4.00,0.48,EUR,2022-08-15,L0022312,X,,,,1,LFR1,EUR,1.0,0.48,33,2022,-0.030816640986132512,True
250,721776,2022,33,100808807,IS0009350S,EN3155015F2022,CA,U,2300,2001,,441.00,449.00,8.00,6.53,EUR,2022-08-16,L0022312,X,,,,1,LFR1,EUR,1.0,6.53,33,2022,1.8140589569160999,False
251,721869,2022,33,100790594,IS0009355S,EN3155016M2222,CA,U,2500,2001,,276.00,276.00,0.00,0.00,INR,2022-08-18,,X,,,,1,LIN1,INR,88.2,0.0,33,2022,0.0,True
252,722350,2022,33,100790595,IS0009391S,EN3545007SCE,CA,U,2500,2001,,118.00,118.00,0.00,0.00,INR,2022-08-17,,X,,,,1,LIN1,INR,88.2,0.0,33,2022,0.0,True
253,722434,2022,33,100808782,IS0009398S,EN3545D01MXA00A,CA,U,2300,2001,,12.00,12.00,0.00,0.00,EUR,2022-08-15,L0022312,X,,,,1,LFR1,EUR,1.0,0.0,33,2022,0.0,True
254,722492,2022,33,100800808,IS0009401S,EN3545D02FXB00A,CA,U,2110,2001,,471.00,471.00,0.00,0.00,TND,2022-08-18,,X,,,,1,LTN1,TND,3.3,0.0,33,2022,0.0,True
255,722696,2022,33,100808782,IS0009419S,EN3545E01MXA00A,CA,U,2300,2001,,184.00,184.00,0.00,0.00,EUR,2022-08-15,L0022312,X,,,,1,LFR1,EUR,1.0,0.0,33,2022,0.0,True
256,722779,2022,33,100808782,IS0009423S,EN3545E02MXA00A,CA,U,2300,2001,,41.00,41.00,0.00,0.00,EUR,2022-08-15,L0022312,X,,,,1,LFR1,EUR,1.0,0.0,33,2022,0.0,True
257,722804,2022,33,100800814,IS0009426S,EN3545E03MXA00A,CA,U,2110,2001,,2753.00,2750.00,-3.00,0.00,TND,2022-08-18,,X,,,,1,LTN1,TND,3.3,0.0,33,2022,-0.10897203051216856,True
258,723035,2022,33,100808784,IS0009451S,EN3645F0JL20BA,CA,U,2300,2001,,110.00,110.00,0.00,0.00,EUR,2022-08-15,L0022312,X,,,,1,LFR1,EUR,1.0,0.0,33,2022,0.0,True
259,723037,2022,33,100808828,IS0009451S,EN3645F0JL20BA,CA,U,2300,2001,,110.00,110.00,0.00,0.00,EUR,2022-08-17,L0022312,X,,,,1,LFR1,EUR,1.0,0.0,33,2022,0.0,True
260,723217,2022,33,100808782,IS0009478S,EN3645K6AN98BA,CA,U,2300,2001,,9.00,9.00,0.00,0.00,EUR,2022-08-15,L0022312,X,,,,1,LFR1,EUR,1.0,0.0,33,2022,0.0,True
261,723590,2022,33,100808782,IS0009563S,EN3645M0JN43AA,CA,U,2300,2001,,20.00,20.00,0.00,0.00,EUR,2022-08-15,L0022312,X,,,,1,LFR1,EUR,1.0,0.0,33,2022,0.0,True
262,723860,2022,33,100808784,IS0009607S,EN3646A01412BN,CA,U,2300,2001,,231.00,231.00,0.00,0.00,EUR,2022-08-15,L0022312,X,,,,1,LFR1,EUR,1.0,0.0,33,2022,0.0,True
263,723874,2022,33,100808807,IS0009608S,EN3646A01412BX,CA,U,2300,2001,,341.00,344.00,3.00,18.24,EUR,2022-08-16,L0022312,X,,,,1,LFR1,EUR,1.0,18.24,33,2022,0.8797653958944283,True
264,724246,2022,33,100808782,IS0009649S,EN3646A02255AN,CA,U,2300,2001,,77.00,77.00,0.00,0.00,EUR,2022-08-15,L0022312,X,,,,1,LFR1,EUR,1.0,0.0,33,2022,0.0,True
265,724442,2022,33,100808782,IS0009674S,EN3646A61006BN,CA,U,2300,2001,,41.00,41.00,0.00,0.00,EUR,2022-08-15,L0022312,X,,,,1,LFR1,EUR,1.0,0.0,33,2022,0.0,True
266,724510,2022,33,100808782,IS0009680S,EN3646A61210BW,CA,U,2300,2001,,69.00,69.00,0.00,0.00,EUR,2022-08-15,L0022312,X,,,,1,LFR1,EUR,1.0,0.0,33,2022,0.0,True
267,724523,2022,33,100808784,IS0009681S,EN3646A61210BX,CA,U,2300,2001,,227.00,227.00,0.00,0.00,EUR,2022-08-15,L0022312,X,,,,1,LFR1,EUR,1.0,0.0,33,2022,0.0,True
268,724608,2022,33,100808782,IS0009690S,EN3646A61415BN,CA,U,2300,2001,,44.00,44.00,0.00,0.00,EUR,2022-08-15,L0022312,X,,,,1,LFR1,EUR,1.0,0.0,33,2022,0.0,True
269,724658,2022,33,100808782,IS0009697S,EN3646A61419BN,CA,U,2300,2001,,44.00,44.00,0.00,0.00,EUR,2022-08-15,L0022312,X,,,,1,LFR1,EUR,1.0,0.0,33,2022,0.0,True
270,724674,2022,33,100808784,IS0009698S,EN3646A61419BW,CA,U,2300,2001,,48.00,48.00,0.00,0.00,EUR,2022-08-15,L0022312,X,,,,1,LFR1,EUR,1.0,0.0,33,2022,0.0,True
271,724702,2022,33,100808807,IS0009700S,EN3646A61419BY,CA,U,2300,2001,,98.00,98.00,0.00,0.00,EUR,2022-08-16,L0022312,X,,,,1,LFR1,EUR,1.0,0.0,33,2022,0.0,True
272,724789,2022,33,100808782,IS0009711S,EN3646A61626BW,CA,U,2300,2001,,11.00,11.00,0.00,0.00,EUR,2022-08-15,L0022312,X,,,,1,LFR1,EUR,1.0,0.0,33,2022,0.0,True
273,724815,2022,33,100808784,IS0009713S,EN3646A61626BZ,CA,U,2300,2001,,53.00,53.00,0.00,0.00,EUR,2022-08-15,L0022312,X,,,,1,LFR1,EUR,1.0,0.0,33,2022,0.0,True
274,724880,2022,33,100808782,IS0009719S,EN3646A61832BN,CA,U,2300,2001,,22.00,22.00,0.00,0.00,EUR,2022-08-15,L0022312,X,,,,1,LFR1,EUR,1.0,0.0,33,2022,0.0,True
275,724894,2022,33,100808782,IS0009720S,EN3646A61832BW,CA,U,2300,2001,,2.00,2.00,0.00,0.00,EUR,2022-08-15,L0022312,X,,,,1,LFR1,EUR,1.0,0.0,33,2022,0.0,True
276,724975,2022,33,100808782,IS0009726S,EN3646A62041BN,CA,U,2300,2001,,34.00,34.00,0.00,0.00,EUR,2022-08-15,L0022312,X,,,,1,LFR1,EUR,1.0,0.0,33,2022,0.0,True
277,724987,2022,33,100808807,IS0009727S,EN3646A62041BW,CA,U,2300,2001,,95.00,95.00,0.00,0.00,EUR,2022-08-16,L0022312,X,,,,1,LFR1,EUR,1.0,0.0,33,2022,0.0,True
278,725008,2022,33,100800826,IS0009729S,EN3646A62041BY,CA,U,2110,2001,,231.00,51.00,-180.00,0.00,TND,2022-08-18,,X,,QTY_GAP,,1,LTN1,TND,3.3,0.0,33,2022,-77.92207792207793,True
279,725017,2022,33,100808782,IS0009729S,EN3646A62041BY,CA,U,2300,2001,,18.00,18.00,0.00,0.00,EUR,2022-08-15,L0022312,X,,,,1,LFR1,EUR,1.0,0.0,33,2022,0.0,True
280,725101,2022,33,100800828,IS0009734S,EN3646A62255BY,CA,U,2110,2001,,270.00,270.00,0.00,0.00,TND,2022-08-18,,X,,,,1,LTN1,TND,3.3,0.0,33,2022,0.0,True
281,725104,2022,33,100808782,IS0009734S,EN3646A62255BY,CA,U,2300,2001,,20.00,20.00,0.00,0.00,EUR,2022-08-15,L0022312,X,,,,1,LFR1,EUR,1.0,0.0,33,2022,0.0,True
282,725114,2022,33,100808807,IS0009735S,EN3646A62255BZ,CA,U,2300,2001,,150.00,150.00,0.00,0.00,EUR,2022-08-16,L0022312,X,,,,1,LFR1,EUR,1.0,0.0,33,2022,0.0,True
283,725186,2022,33,100808807,IS0009746S,EN3646RS01210BN,CA,U,2300,2001,,45.00,45.00,0.00,0.00,EUR,2022-08-16,L0022312,X,,,,1,LFR1,EUR,1.0,0.0,33,2022,0.0,True
284,725361,2022,33,100808782,IS0009769S,EN3646RS61210BW,CA,U,2300,2001,,6.00,6.00,0.00,0.00,EUR,2022-08-15,L0022312,X,,,,1,LFR1,EUR,1.0,0.0,33,2022,0.0,True
285,725397,2022,33,100808782,IS0009775S,EN3646RS61419BN,CA,U,2300,2001,,39.00,39.00,0.00,0.00,EUR,2022-08-15,L0022312,X,,,,1,LFR1,EUR,1.0,0.0,33,2022,0.0,True
286,725498,2022,33,100808784,IS0009796S,EN3660004K10A,CA,U,2300,2001,,206.00,206.00,0.00,0.00,EUR,2022-08-15,L0022312,X,,,,1,LFR1,EUR,1.0,0.0,33,2022,0.0,True
287,725527,2022,33,100808782,IS0009801S,EN3660004N14A,CA,U,2300,2001,,48.00,48.00,0.00,0.00,EUR,2022-08-15,L0022312,X,,,,1,LFR1,EUR,1.0,0.0,33,2022,0.0,True
288,725547,2022,33,100808782,IS0009804S,EN3660005K12A,CA,U,2300,2001,,128.00,128.00,0.00,0.00,EUR,2022-08-15,L0022312,X,,,,1,LFR1,EUR,1.0,0.0,33,2022,0.0,True
289,725705,2022,33,100790597,IS0009832S,EN4165A20221NB,CA,U,2500,2001,,25.00,25.00,0.00,0.00,INR,2022-08-16,,X,,,,1,LIN1,INR,88.2,0.0,33,2022,0.0,True
290,726022,2022,33,100800833,IS0009887S,EN6049006055,CA,M,2110,2001,,4500.00,4500.00,0.00,0.00,TND,2022-08-18,,X,,,,1,LTN1,TND,3.3,0.0,33,2022,0.0,True
291,726056,2022,33,100800834,IS0009889S,EN6049006135,CA,M,2110,2001,,1500.00,1500.00,0.00,0.00,TND,2022-08-18,,X,,,,1,LTN1,TND,3.3,0.0,33,2022,0.0,True
292,728450,2022,33,100808784,IS0012208S,LN9424A50,CA,M,2300,2001,,16000.00,16000.00,0.00,0.00,EUR,2022-08-15,L0022312,X,,,,1,LFR1,EUR,1.0,0.0,33,2022,0.0,True
293,728741,2022,33,100790600,IS0012315S,M390291101,CA,U,2500,2001,,256.00,153.00,-103.00,0.00,INR,2022-08-17,,X,,QTY_GAP,,1,LIN1,INR,88.2,0.0,33,2022,-40.234375,True
294,728878,2022,33,100790603,IS0012330S,M3902963368,CA,U,2500,2001,,720.00,610.00,-110.00,0.00,INR,2022-08-16,,X,,QTY_GAP,,1,LIN1,INR,88.2,0.0,33,2022,-15.277777777777779,True
295,728903,2022,33,100790604,IS0012331S,M3902964369,CA,U,2500,2001,,3715.00,3715.00,0.00,0.00,INR,2022-08-16,,X,,,,1,LIN1,INR,88.2,0.0,33,2022,0.0,True
296,728943,2022,33,100808784,IS0012345S,M8351913,CA,U,2300,2001,,1791.00,1791.00,0.00,0.00,EUR,2022-08-15,L0022312,X,,,,1,LFR1,EUR,1.0,0.0,33,2022,0.0,True
297,728953,2022,33,100808033,IS0012347S,M8351928,CA,U,2500,2001,,870.00,870.00,0.00,0.00,INR,2022-08-16,,X,,,,1,LIN1,INR,88.2,0.0,33,2022,0.0,True
298,729058,2022,33,100808799,IS0012368S,M8504939S9S,CA,U,2110,2001,,15.00,12.00,-3.00,416.69,TND,2022-08-16,L0026595,X,,,,1,LTN1,TND,3.3,1375.0803,33,2022,-20.0,True
299,729407,2022,33,100808784,IS0012510S,MS24266R20B25SN,CA,U,2300,2001,,54.00,54.00,0.00,0.00,EUR,2022-08-15,L0022312,X,,,,1,LFR1,EUR,1.0,0.0,33,2022,0.0,True
300,729461,2022,33,100808784,IS0012523S,MS25036153,CA,U,2300,2001,,391.00,391.00,0.00,0.00,EUR,2022-08-15,L0022312,X,,,,1,LFR1,EUR,1.0,0.0,33,2022,0.0,True
301,729543,2022,33,100808784,IS0012543S,MS336740,CA,U,2300,2001,,580.00,580.00,0.00,0.00,EUR,2022-08-15,L0022312,X,,,,1,LFR1,EUR,1.0,0.0,33,2022,0.0,True
302,731326,2022,33,100790605,IS0012826S,NFL21215DB1605J,CA,U,2500,2001,,162.00,162.00,0.00,0.00,INR,2022-08-17,,X,,,,1,LIN1,INR,88.2,0.0,33,2022,0.0,True
303,731473,2022,33,100808803,IS0012867S,NSA51913V8,CA,U,2110,2001,,18.00,0.00,-18.00,30.29,TND,2022-08-16,L0026595,X,,,,1,LTN1,TND,3.3,99.9702,33,2022,-100.0,True
304,732314,2022,33,100808794,IS0012944S,NSA84203VERT,CA,M,2000,2001,,250.00,0.00,-250.00,16.70,EUR,2022-08-16,L0004011,X,,,,1,LFR1,EUR,1.0,16.7,33,2022,-100.0,True
305,732729,2022,33,100800848,IS0012949S,NSA911707,CA,U,2110,2001,,0.00,0.00,0.00,0.00,TND,2022-08-18,,X,,,,1,LTN1,TND,3.3,0.0,33,2022,100.0,False
306,732789,2022,33,100800849,IS0012961S,NSA931321200A,CA,U,2110,2001,,95.00,94.00,-1.00,0.00,TND,2022-08-18,,X,,QTY_GAP,,1,LTN1,TND,3.3,0.0,33,2022,-1.0526315789473684,True
307,732891,2022,33,100800850,IS0012988S,NSA932843AA01,CA,U,2110,2001,,891.00,891.00,0.00,0.00,TND,2022-08-18,,X,,,,1,LTN1,TND,3.3,0.0,33,2022,0.0,True
308,732893,2022,33,100800851,IS0012989S,NSA932843AL01,CA,U,2110,2001,,78.00,42.00,-36.00,0.00,TND,2022-08-18,,X,,QTY_GAP,,1,LTN1,TND,3.3,0.0,33,2022,-46.15384615384615,True
309,733781,2022,33,100808782,IS0013091S,NSA936501TA1602,CA,U,2300,2001,,0.00,0.00,0.00,0.00,EUR,2022-08-15,L0022312,X,,,,1,LFR1,EUR,1.0,0.0,33,2022,100.0,False
310,734059,2022,33,100808784,IS0013122S,NSA936507TG0805,CA,U,2300,2001,,1810.00,1810.00,0.00,0.00,EUR,2022-08-15,L0022312,X,,,,1,LFR1,EUR,1.0,0.0,33,2022,0.0,True
311,734084,2022,33,100808807,IS0013127S,NSA936507TG1009,CA,U,2300,2001,,0.00,0.00,0.00,0.00,EUR,2022-08-17,L0022312,X,,,,1,LFR1,EUR,1.0,0.0,33,2022,100.0,False
312,734272,2022,33,100808784,IS0013147S,NSA93683022,CA,U,2300,2001,,111.00,111.00,0.00,0.00,EUR,2022-08-15,L0022312,X,,,,1,LFR1,EUR,1.0,0.0,33,2022,0.0,True
313,735161,2022,33,100808807,IS0013231S,NSA937901E3,CA,U,2300,2001,,100.00,100.00,0.00,0.00,EUR,2022-08-16,L0022312,X,,,,1,LFR1,EUR,1.0,0.0,33,2022,0.0,True
314,735384,2022,33,100808782,IS0013251S,NSA937901M2002,CA,U,2300,2001,,943.00,943.00,0.00,0.00,EUR,2022-08-15,L0022312,X,,,,1,LFR1,EUR,1.0,0.0,33,2022,0.0,True
315,735400,2022,33,100808782,IS0013252S,NSA937901M2004,CA,U,2300,2001,,135.00,135.00,0.00,0.00,EUR,2022-08-15,L0022312,X,,,,1,LFR1,EUR,1.0,0.0,33,2022,0.0,True
316,735625,2022,33,100800863,IS0013269S,NSA937901MA2011,CA,U,2110,2001,,2494.00,3235.00,741.00,0.00,TND,2022-08-18,,X,,QTY_GAP,,1,LTN1,TND,3.3,0.0,33,2022,29.71130713712911,False
317,735960,2022,33,100808784,IS0013317S,NSA93791520,CA,U,2300,2001,,242.00,242.00,0.00,0.00,EUR,2022-08-15,L0022312,X,,,,1,LFR1,EUR,1.0,0.0,33,2022,0.0,True
318,736100,2022,33,100808784,IS0013335S,NSA938025A12M,CA,U,2300,2001,,389.00,389.00,0.00,0.00,EUR,2022-08-15,L0022312,X,,,,1,LFR1,EUR,1.0,0.0,33,2022,0.0,True
319,736152,2022,33,100808782,IS0013341S,NSA93811210C01,CA,U,2300,2001,,123.00,123.00,0.00,0.00,EUR,2022-08-15,L0022312,X,,,,1,LFR1,EUR,1.0,0.0,33,2022,0.0,True
320,736233,2022,33,100808784,IS0013355S,NSA9381551412,CA,U,2300,2001,,177.00,177.00,0.00,0.00,EUR,2022-08-15,L0022312,X,,,,1,LFR1,EUR,1.0,0.0,33,2022,0.0,True
321,736243,2022,33,100808784,IS0013356S,NSA938160SH2000,CA,U,2300,2001,,1089.00,1089.00,0.00,0.00,EUR,2022-08-15,L0022312,X,,,,1,LFR1,EUR,1.0,0.0,33,2022,0.0,True
322,736254,2022,33,100808784,IS0013357S,NSA9381630214,CA,U,2300,2001,,1263.00,1263.00,0.00,0.00,EUR,2022-08-15,L0022312,X,,,,1,LFR1,EUR,1.0,0.0,33,2022,0.0,True
323,736283,2022,33,100808784,IS0013360S,NSA938165SJ2001,CA,U,2300,2001,,829.00,829.00,0.00,0.00,EUR,2022-08-15,L0022312,X,,,,1,LFR1,EUR,1.0,0.0,33,2022,0.0,True
324,736295,2022,33,100808807,IS0013361S,NSA938185SV1601,CA,U,2300,2001,,66.00,66.00,0.00,0.00,EUR,2022-08-16,L0022312,X,,,,1,LFR1,EUR,1.0,0.0,33,2022,0.0,True
325,736305,2022,33,100808807,IS0013362S,NSA93818601,CA,U,2300,2001,,37.00,37.00,0.00,0.00,EUR,2022-08-16,L0022312,X,,,,1,LFR1,EUR,1.0,0.0,33,2022,0.0,True
326,736323,2022,33,100808784,IS0013363S,NSA938192DC1201,CA,U,2300,2001,,22.00,22.00,0.00,0.00,EUR,2022-08-15,L0022312,X,,,,1,LFR1,EUR,1.0,0.0,33,2022,0.0,True
327,736509,2022,33,100808828,IS0013386S,NSA938925BL1S1,CA,U,2300,2001,,2.00,2.00,0.00,0.00,EUR,2022-08-17,L0022312,X,,,,1,LFR1,EUR,1.0,0.0,33,2022,0.0,True
328,736541,2022,33,100800873,IS0013391S,NSA93952602C,CA,U,2110,2001,,137.00,152.00,15.00,0.00,TND,2022-08-18,,X,,QTY_GAP,,1,LTN1,TND,3.3,0.0,33,2022,10.948905109489052,False
329,736543,2022,33,100800874,IS0013392S,NSA93952603C,CA,U,2110,2001,,303.00,278.00,-25.00,0.00,TND,2022-08-18,,X,,QTY_GAP,,1,LTN1,TND,3.3,0.0,33,2022,-8.25082508250825,True
330,736569,2022,33,100808784,IS0013401S,NSA939590824,CA,U,2300,2001,,510.00,510.00,0.00,0.00,EUR,2022-08-15,L0022312,X,,,,1,LFR1,EUR,1.0,0.0,33,2022,0.0,True
331,738908,2022,33,100808784,IS0015063S,250873814504,CA,U,2300,2001,,19.00,19.00,0.00,0.00,EUR,2022-08-15,L0022312,X,,,,1,LFR1,EUR,1.0,0.0,33,2022,0.0,True
332,739071,2022,33,100808782,IS0015277S,EN3645M6AN35AN,CA,U,2300,2001,,57.00,57.00,0.00,0.00,EUR,2022-08-15,L0022312,X,,,,1,LFR1,EUR,1.0,0.0,33,2022,0.0,True
333,739147,2022,33,100808782,IS0015373S,M850499113M,CA,U,2300,2001,,291.00,291.00,0.00,0.00,EUR,2022-08-15,L0022312,X,,,,1,LFR1,EUR,1.0,0.0,33,2022,0.0,True
334,739158,2022,33,100808782,IS0015382S,MS16562212,CA,U,2300,2001,,1037.00,1043.00,6.00,0.84,EUR,2022-08-15,L0022312,X,,,,1,LFR1,EUR,1.0,0.84,33,2022,0.5785920925747349,True
335,739196,2022,33,100808807,IS0015409S,SCA_MS2721226,CA,U,2300,2001,,26.00,23.00,-3.00,47.70,EUR,2022-08-16,L0022312,X,,,,1,LFR1,EUR,1.0,47.7,33,2022,-11.538461538461538,True
336,739337,2022,33,100808782,IS0015510S,TMSSCE38204,CA,U,2300,2001,,352.00,348.00,-4.00,2.12,EUR,2022-08-15,L0022312,X,,,,1,LFR1,EUR,1.0,2.12,33,2022,-1.1363636363636365,True
337,739396,2022,33,100800887,IS0015655M,100A-LOT-CAP-10-CAPUCHON,AF,U,2110,2001,,0.00,0.00,0.00,0.00,TND,2022-08-18,,X,,,,1,LTN1,TND,3.3,0.0,33,2022,100.0,False
338,739444,2022,33,100808784,IS0015897S,D3899926JB99SN,CA,U,2300,2001,,347.00,347.00,0.00,0.00,EUR,2022-08-15,L0022312,X,,,,1,LFR1,EUR,1.0,0.0,33,2022,0.0,True
339,739450,2022,33,100808782,IS0015899S,D3899926MC35PN,CA,U,2300,2001,,104.00,103.00,-1.00,14.91,EUR,2022-08-15,L0022312,X,,,,1,LFR1,EUR,1.0,14.91,33,2022,-0.9615384615384616,True
340,739623,2022,33,100800888,IS0016371M,177A-LOT-COA-40-34360020,AF,U,2110,2001,,0.00,0.00,0.00,0.00,TND,2022-08-18,,X,,,,1,LTN1,TND,3.3,0.0,33,2022,100.0,False
341,739627,2022,33,100800889,IS0016372M,177A-LOT-COA-40-34360029,AF,U,2110,2001,,0.00,0.00,0.00,0.00,TND,2022-08-18,,X,,,,1,LTN1,TND,3.3,0.0,33,2022,100.0,False
342,739631,2022,33,100800890,IS0016373M,177A-LOT-COA-40-34360030,AF,U,2110,2001,,0.00,0.00,0.00,0.00,TND,2022-08-18,,X,,,,1,LTN1,TND,3.3,0.0,33,2022,100.0,False
343,739638,2022,33,100800891,IS0016375M,177A-LOT-COA-40-34360426,AF,U,2110,2001,,0.00,0.00,0.00,0.00,TND,2022-08-18,,X,,,,1,LTN1,TND,3.3,0.0,33,2022,100.0,False
344,740873,2022,33,100808784,IS0018103S,EN3645M6JQ08BN,CA,U,2300,2001,,113.00,113.00,0.00,0.00,EUR,2022-08-15,L0022312,X,,,,1,LFR1,EUR,1.0,0.0,33,2022,0.0,True
345,741203,2022,33,100808784,IS0018559S,M817141222D2,CA,U,2300,2001,,280.00,283.00,3.00,36.27,EUR,2022-08-15,L0022312,X,,,,1,LFR1,EUR,1.0,36.27,33,2022,1.0714285714285714,False
346,741204,2022,33,100808784,IS0018560S,M8351915,CA,U,2300,2001,,2562.00,2555.00,-7.00,6.30,EUR,2022-08-15,L0022312,X,,,,1,LFR1,EUR,1.0,6.3,33,2022,-0.273224043715847,True
347,741249,2022,33,100808784,IS0018709S,MS250833PB25,CA,U,2300,2001,,65.00,65.00,0.00,0.00,EUR,2022-08-15,L0022312,X,,,,1,LFR1,EUR,1.0,0.0,33,2022,0.0,True
348,741288,2022,33,100790661,IS0018727S,MS336719,CA,U,2500,2001,,137.00,137.00,0.00,0.00,INR,2022-08-17,,X,,,,1,LIN1,INR,88.2,0.0,33,2022,0.0,True
349,741480,2022,33,100790662,IS0019323S,182800408A,CA,U,2500,2001,,73.00,73.00,0.00,0.00,INR,2022-08-16,,X,,,,1,LIN1,INR,88.2,0.0,33,2022,0.0,True
350,741491,2022,33,100808782,IS0019342S,3026011C18P,CA,U,2300,2001,,55.00,55.00,0.00,0.00,EUR,2022-08-15,L0022312,X,,,,1,LFR1,EUR,1.0,0.0,33,2022,0.0,True
351,741646,2022,33,100808835,IS0019427S,B262YELLOWS,CA,M,2000,2001,,2500.00,0.00,-2500.00,946.29,EUR,2022-08-18,L0004011,X,,,,1,LFR1,EUR,1.0,946.29,33,2022,-100.0,True
352,741938,2022,33,100790669,IS0019498S,M83519210,CA,U,2500,2001,,94.00,98.00,4.00,0.00,INR,2022-08-18,,X,,QTY_GAP,,1,LIN1,INR,88.2,0.0,33,2022,4.25531914893617,False
353,741950,2022,33,100808037,IS0019500S,M8351929,CA,U,2500,2001,,291.00,291.00,0.00,0.00,INR,2022-08-16,,X,,,,1,LIN1,INR,88.2,0.0,33,2022,0.0,True
354,742136,2022,33,100808038,IS0019561S,SMP06VNC,CA,U,2500,2001,,735.00,702.00,-33.00,0.00,INR,2022-08-16,,X,,QTY_GAP,,1,LIN1,INR,88.2,0.0,33,2022,-4.489795918367347,True
355,742452,2022,33,100790676,IS0020641S,22419302,CA,U,2500,2001,,710.00,710.00,0.00,0.00,INR,2022-08-17,,X,,,,1,LIN1,INR,88.2,0.0,33,2022,0.0,True
356,742525,2022,33,100790679,IS0020711S,6000571,CA,U,2500,2001,,376.00,376.00,0.00,0.00,INR,2022-08-18,,X,,,,1,LIN1,INR,88.2,0.0,33,2022,0.0,True
357,742830,2022,33,100808782,IS0021306S,RNC65H1131FRB14,CA,U,2300,2001,,269.00,269.00,0.00,0.00,EUR,2022-08-15,L0022312,X,,,,1,LFR1,EUR,1.0,0.0,33,2022,0.0,True
358,743092,2022,33,100808807,IS0021561S,701070001,CA,U,2300,2001,,20.00,20.00,0.00,0.00,EUR,2022-08-16,L0022312,X,,,,1,LFR1,EUR,1.0,0.0,33,2022,0.0,True
359,743504,2022,33,100808782,IS0021680S,ETH11345A,CA,U,2300,2001,,237.00,237.00,0.00,0.00,EUR,2022-08-15,L0022312,X,,,,1,LFR1,EUR,1.0,0.0,33,2022,0.0,True
360,743640,2022,33,100808784,IS0021735S,NAS514P83214,CA,U,2300,2001,,87.00,87.00,0.00,0.00,EUR,2022-08-15,L0022312,X,,,,1,LFR1,EUR,1.0,0.0,33,2022,0.0,True
361,743652,2022,33,100790690,IS0021742S,ODD26M0000ZAA,CA,U,2500,2001,,27.00,27.00,0.00,0.00,INR,2022-08-16,,X,,,,1,LIN1,INR,88.2,0.0,33,2022,0.0,True
362,743660,2022,33,100790691,IS0021744S,R1003B8P8CRC5,CA,U,2500,2001,,452.00,451.00,-1.00,0.00,INR,2022-08-16,,X,,,,1,LIN1,INR,88.2,0.0,33,2022,-0.22123893805309736,True
363,743907,2022,33,100800892,IS0023140M,98MA-LOT-RAILRB-10-0050,AF,U,2110,2001,,0.00,10.00,10.00,0.00,TND,2022-08-18,,X,,QTY_GAP,,1,LTN1,TND,3.3,0.0,33,2022,100.0,False
364,743978,2022,33,100800893,IS0023158M,98MA-LOT-RAILRB-10-0310,AF,U,2110,2001,,10.00,10.00,0.00,0.00,TND,2022-08-18,,X,,,,1,LTN1,TND,3.3,0.0,33,2022,0.0,True
365,743982,2022,33,100800894,IS0023159M,98MA-LOT-RAILRB-10-0320,AF,U,2110,2001,,0.00,0.00,0.00,0.00,TND,2022-08-18,,X,,,,1,LTN1,TND,3.3,0.0,33,2022,100.0,False
366,744000,2022,33,100800895,IS0023165M,98MA-LOT-RAILRB-10-0400,AF,U,2110,2001,,0.00,0.00,0.00,0.00,TND,2022-08-18,,X,,,,1,LTN1,TND,3.3,0.0,33,2022,100.0,False
367,744028,2022,33,100800896,IS0023176M,98MA-LOT-RAILRB-10-1030,AF,U,2110,2001,,0.00,0.00,0.00,0.00,TND,2022-08-18,,X,,,,1,LTN1,TND,3.3,0.0,33,2022,100.0,False
368,744146,2022,33,100808782,IS0024862S,M2430862P,CA,U,2300,2001,,114.00,113.00,-1.00,19.05,EUR,2022-08-15,L0022312,X,,,,1,LFR1,EUR,1.0,19.05,33,2022,-0.8771929824561403,True
369,744343,2022,33,100808784,IS0025056S,ABM1MAT,CA,U,2300,2001,,49.00,49.00,0.00,0.00,EUR,2022-08-15,L0022312,X,,,,1,LFR1,EUR,1.0,0.0,33,2022,0.0,True
370,744580,2022,33,100808782,IS0025203S,RNC65H1001FRB14,CA,U,2300,2001,,247.00,247.00,0.00,0.00,EUR,2022-08-15,L0022312,X,,,,1,LFR1,EUR,1.0,0.0,33,2022,0.0,True
371,744877,2022,33,100808782,IS0026082S,16405230,CA,U,2300,2001,,15.00,15.00,0.00,0.00,EUR,2022-08-15,L0022312,X,,,,1,LFR1,EUR,1.0,0.0,33,2022,0.0,True
372,745078,2022,33,100808782,IS0026189S,D3899926MC98AN,CA,U,2300,2001,,59.00,59.00,0.00,0.00,EUR,2022-08-15,L0022312,X,,,,1,LFR1,EUR,1.0,0.0,33,2022,0.0,True
373,745083,2022,33,100808782,IS0026191S,D3899926MD18AN,CA,U,2300,2001,,39.00,39.00,0.00,0.00,EUR,2022-08-15,L0022312,X,,,,1,LFR1,EUR,1.0,0.0,33,2022,0.0,True
374,745118,2022,33,100808782,IS0026201S,D3899926MJ24AN,CA,U,2300,2001,,39.00,39.00,0.00,0.00,EUR,2022-08-15,L0022312,X,,,,1,LFR1,EUR,1.0,0.0,33,2022,0.0,True
375,745194,2022,33,100790694,IS0026237S,M8504939S13N,CA,U,2500,2001,,0.00,0.00,0.00,0.00,INR,2022-08-18,,X,,,,1,LIN1,INR,88.2,0.0,33,2022,100.0,False
376,745232,2022,33,100808782,IS0026244S,M850498813N02,CA,U,2300,2001,,64.00,64.00,0.00,0.00,EUR,2022-08-15,L0022312,X,,,,1,LFR1,EUR,1.0,0.0,33,2022,0.0,True
377,745302,2022,33,100808784,IS0026271S,NAS13883,CA,U,2300,2001,,12.00,12.00,0.00,0.00,EUR,2022-08-15,L0022312,X,,,,1,LFR1,EUR,1.0,0.0,33,2022,0.0,True
378,745426,2022,33,100808784,IS0026694S,D3899926MG39AN,CA,U,2300,2001,,23.00,23.00,0.00,0.00,EUR,2022-08-15,L0022312,X,,,,1,LFR1,EUR,1.0,0.0,33,2022,0.0,True
379,745746,2022,33,100800898,IS0028072M,105R-LOT-COA-40-3436-0011,AF,U,2110,2001,,5.00,5.00,0.00,0.00,TND,2022-08-18,,X,,,,1,LTN1,TND,3.3,0.0,33,2022,0.0,True
380,745750,2022,33,100800899,IS0028073M,105R-LOT-COA-40-3436-0013,AF,U,2110,2001,,0.00,0.00,0.00,0.00,TND,2022-08-18,,X,,,,1,LTN1,TND,3.3,0.0,33,2022,100.0,False
381,745754,2022,33,100800900,IS0028074M,105R-LOT-COA-40-3436-0365,AF,U,2110,2001,,5.00,5.00,0.00,0.00,TND,2022-08-18,,X,,,,1,LTN1,TND,3.3,0.0,33,2022,0.0,True
382,745767,2022,33,100800901,IS0028086M,105R-LOT-COA-40-3441-0619,AF,U,2110,2001,,0.00,10.00,10.00,0.00,TND,2022-08-18,,X,,QTY_GAP,,1,LTN1,TND,3.3,0.0,33,2022,100.0,False
383,745775,2022,33,100800902,IS0028088M,105R-LOT-COA-40-3441-0680,AF,U,2110,2001,,0.00,0.00,0.00,0.00,TND,2022-08-18,,X,,,,1,LTN1,TND,3.3,0.0,33,2022,100.0,False
384,746071,2022,33,100808784,IS0029302S,SCA_00110920042,CA,U,2300,2001,,551.00,550.00,-1.00,0.41,EUR,2022-08-15,L0022312,X,,,,1,LFR1,EUR,1.0,0.41,33,2022,-0.18148820326678766,True
385,746081,2022,33,100808784,IS0029305S,SCA_00175520502,CA,U,2300,2001,,29.00,29.00,0.00,0.00,EUR,2022-08-15,L0022312,X,,,,1,LFR1,EUR,1.0,0.0,33,2022,0.0,True
386,746087,2022,33,100808784,IS0029307S,SCA_0312015MXP,CA,U,2300,2001,,184.00,180.00,-4.00,1.46,EUR,2022-08-15,L0022312,X,,,,1,LFR1,EUR,1.0,1.46,33,2022,-2.1739130434782608,True
387,746747,2022,33,100808807,IS0029656S,SCA_14450223,CA,U,2300,2001,,639.00,639.00,0.00,0.00,EUR,2022-08-16,L0022312,X,,,,1,LFR1,EUR,1.0,0.0,33,2022,0.0,True
388,746876,2022,33,100808784,IS0029699S,SCA_M8353616022M,CA,U,2300,2001,,2.00,2.00,0.00,0.00,EUR,2022-08-15,L0022312,X,,,,1,LFR1,EUR,1.0,0.0,33,2022,0.0,True
389,747012,2022,33,100808784,IS0029775S,SCA_MS25036153,CA,U,2300,2001,,503.00,495.00,-8.00,0.88,EUR,2022-08-15,L0022312,X,,,,1,LFR1,EUR,1.0,0.88,33,2022,-1.5904572564612325,True
390,747026,2022,33,100808784,IS0029787S,SCA_M3902922191,CA,U,2300,2001,,63.00,63.00,0.00,0.00,EUR,2022-08-15,L0022312,X,,,,1,LFR1,EUR,1.0,0.0,33,2022,0.0,True
391,747033,2022,33,100808784,IS0029792S,SCA_M3902956353,CA,U,2300,2001,,276.00,276.00,0.00,0.00,EUR,2022-08-15,L0022312,X,,,,1,LFR1,EUR,1.0,0.0,33,2022,0.0,True
392,752750,2022,33,100808784,IS0039356S,SIL_BACS21DX1D,CA,U,2300,2001,,97.00,97.00,0.00,0.00,EUR,2022-08-15,L0022312,X,,,,1,LFR1,EUR,1.0,0.0,33,2022,0.0,True
393,753117,2022,33,100808807,IS0040439S,NAS43DD110,CA,U,2300,2001,,48.00,48.00,0.00,0.00,EUR,2022-08-16,L0022312,X,,,,1,LFR1,EUR,1.0,0.0,33,2022,0.0,True
394,753701,2022,33,100808784,IS0044131S,BBD_D3899920MF11PN,CA,U,2300,2001,,18.00,18.00,0.00,0.00,EUR,2022-08-15,L0022312,X,,,,1,LFR1,EUR,1.0,0.0,33,2022,0.0,True
395,753800,2022,33,100790697,IS0050011S,SO963552290,CA,U,2500,2001,,570.00,570.00,0.00,0.00,INR,2022-08-17,,X,,,,1,LIN1,INR,88.2,0.0,33,2022,0.0,True
396,754403,2022,33,100808784,IS0050119S,D3899926FD18SN,CA,U,2300,2001,,2.00,2.00,0.00,0.00,EUR,2022-08-15,L0022312,X,,,,1,LFR1,EUR,1.0,0.0,33,2022,0.0,True
397,754914,2022,33,100808782,IS0050269S,SJS830100,CA,U,2300,2001,,32.00,32.00,0.00,0.00,EUR,2022-08-15,L0022312,X,,,,1,LFR1,EUR,1.0,0.0,33,2022,0.0,True
398,755500,2022,33,100800877,IS0050492S,EN6049007195,CA,M,2110,2001,,725.00,725.00,0.00,0.00,TND,2022-08-18,,X,,,,1,LTN1,TND,3.3,0.0,33,2022,0.0,True
399,755870,2022,33,100790701,IS0050555S,2329491,CA,U,2500,2001,,776.00,776.00,0.00,0.00,INR,2022-08-17,,X,,,,1,LIN1,INR,88.2,0.0,33,2022,0.0,True
400,755950,2022,33,100808782,IS0050605S,D3899920FE26PN,CA,U,2300,2001,,17.00,17.00,0.00,0.00,EUR,2022-08-15,L0022312,X,,,,1,LFR1,EUR,1.0,0.0,33,2022,0.0,True
401,756385,2022,33,100808782,IS0050799S,TMSSCE18209,CA,U,2300,2001,,0.00,0.00,0.00,0.00,EUR,2022-08-15,L0022312,X,,,,1,LFR1,EUR,1.0,0.0,33,2022,100.0,False
402,756386,2022,33,100808782,IS0050799S,TMSSCE18209,CA,U,2300,2001,,1250.00,1250.00,0.00,0.00,EUR,2022-08-15,L0022312,X,,,,1,LFR1,EUR,1.0,0.0,33,2022,0.0,True
403,756387,2022,33,100808782,IS0050799S,TMSSCE18209,CA,U,2300,2001,,2500.00,2500.00,0.00,0.00,EUR,2022-08-15,L0022312,X,,,,1,LFR1,EUR,1.0,0.0,33,2022,0.0,True
404,756388,2022,33,100808782,IS0050799S,TMSSCE18209,CA,U,2300,2001,,7250.00,7250.00,0.00,0.00,EUR,2022-08-15,L0022312,X,,,,1,LFR1,EUR,1.0,0.0,33,2022,0.0,True
405,756389,2022,33,100808782,IS0050799S,TMSSCE18209,CA,U,2300,2001,,1250.00,1250.00,0.00,0.00,EUR,2022-08-15,L0022312,X,,,,1,LFR1,EUR,1.0,0.0,33,2022,0.0,True
406,756390,2022,33,100808782,IS0050799S,TMSSCE18209,CA,U,2300,2001,,2000.00,2000.00,0.00,0.00,EUR,2022-08-15,L0022312,X,,,,1,LFR1,EUR,1.0,0.0,33,2022,0.0,True
407,756503,2022,33,100808782,IS0050840S,BOE_BACI10BC1220APNB,CA,U,2300,2001,,220.00,220.00,0.00,0.00,EUR,2022-08-15,L0022312,X,,,,1,LFR1,EUR,1.0,0.0,33,2022,0.0,True
408,756504,2022,33,100808782,IS0050840S,BOE_BACI10BC1220APNB,CA,U,2300,2001,,0.00,0.00,0.00,0.00,EUR,2022-08-15,L0022312,X,,,,1,LFR1,EUR,1.0,0.0,33,2022,100.0,False
409,756956,2022,33,100808782,IS0050967S,BOE_BACC65CP2SN,CA,U,2300,2001,,209.00,209.00,0.00,0.00,EUR,2022-08-15,L0022312,X,,,,1,LFR1,EUR,1.0,0.0,33,2022,0.0,True
410,756957,2022,33,100808782,IS0050967S,BOE_BACC65CP2SN,CA,U,2300,2001,,0.00,0.00,0.00,0.00,EUR,2022-08-15,L0022312,X,,,,1,LFR1,EUR,1.0,0.0,33,2022,100.0,False
411,757193,2022,33,100808782,IS0051027S,BOE_BACC65AN1B,CA,U,2300,2001,,0.00,0.00,0.00,0.00,EUR,2022-08-15,L0022312,X,,,,1,LFR1,EUR,1.0,0.0,33,2022,100.0,False
412,757194,2022,33,100808782,IS0051027S,BOE_BACC65AN1B,CA,U,2300,2001,,6.00,6.00,0.00,0.00,EUR,2022-08-15,L0022312,X,,,,1,LFR1,EUR,1.0,0.0,33,2022,0.0,True
413,757438,2022,33,100808782,IS0051144S,BOE_BACC63CU998SAH,CA,U,2300,2001,,29.00,29.00,0.00,0.00,EUR,2022-08-15,L0022312,X,,,,1,LFR1,EUR,1.0,0.0,33,2022,0.0,True
414,757439,2022,33,100808782,IS0051144S,BOE_BACC63CU998SAH,CA,U,2300,2001,,0.00,0.00,0.00,0.00,EUR,2022-08-15,L0022312,X,,,,1,LFR1,EUR,1.0,0.0,33,2022,100.0,False
415,757524,2022,33,100808782,IS0051185S,BOE_BACC10MR2,CA,U,2300,2001,,19.00,19.00,0.00,0.00,EUR,2022-08-15,L0022312,X,,,,1,LFR1,EUR,1.0,0.0,33,2022,0.0,True
416,757525,2022,33,100808782,IS0051185S,BOE_BACC10MR2,CA,U,2300,2001,,76.00,76.00,0.00,0.00,EUR,2022-08-15,L0022312,X,,,,1,LFR1,EUR,1.0,0.0,33,2022,0.0,True
417,757526,2022,33,100808782,IS0051185S,BOE_BACC10MR2,CA,U,2300,2001,,0.00,0.00,0.00,0.00,EUR,2022-08-15,L0022312,X,,,,1,LFR1,EUR,1.0,0.0,33,2022,100.0,False
418,757572,2022,33,100808782,IS0051196S,BOE_MS3450W2422SX,CA,U,2300,2001,,2.00,2.00,0.00,0.00,EUR,2022-08-15,L0022312,X,,,,1,LFR1,EUR,1.0,0.0,33,2022,0.0,True
419,757590,2022,33,100808782,IS0051201S,BOE_M3902930220,CA,U,2300,2001,,128.00,128.00,0.00,0.00,EUR,2022-08-15,L0022312,X,,,,1,LFR1,EUR,1.0,0.0,33,2022,0.0,True
420,757632,2022,33,100808782,IS0051214S,BOE_M3902957357,CA,U,2300,2001,,1205.00,1205.00,0.00,0.00,EUR,2022-08-15,L0022312,X,,,,1,LFR1,EUR,1.0,0.0,33,2022,0.0,True
421,757995,2022,33,100808784,IS0051348S,M390291102,CA,U,2300,2001,,23.00,23.00,0.00,0.00,EUR,2022-08-15,L0022312,X,,,,1,LFR1,EUR,1.0,0.0,33,2022,0.0,True
422,758493,2022,33,100790702,IS0051632S,33555937014,CA,U,2500,2001,,3.00,3.00,0.00,0.00,INR,2022-08-17,,X,,,,1,LIN1,INR,88.2,0.0,33,2022,0.0,True
423,758661,2022,33,100808782,IS0051774S,M850499017N03,CA,U,2300,2001,,9.00,9.00,0.00,0.00,EUR,2022-08-15,L0022312,X,,,,1,LFR1,EUR,1.0,0.0,33,2022,0.0,True
424,758663,2022,33,100790703,IS0051774S,M850499017N03,CA,U,2500,2001,,22.00,22.00,0.00,0.00,INR,2022-08-18,,X,,,,1,LIN1,INR,88.2,0.0,33,2022,0.0,True
425,758670,2022,33,100790704,IS0051776S,80100716M1337PA,CA,U,2500,2001,,23.00,23.00,0.00,0.00,INR,2022-08-17,,X,,,,1,LIN1,INR,88.2,0.0,33,2022,0.0,True
426,758678,2022,33,100790705,IS0051777S,190109,CA,U,2500,2001,,9.00,9.00,0.00,0.00,INR,2022-08-16,,X,,,,1,LIN1,INR,88.2,0.0,33,2022,0.0,True
427,758686,2022,33,100790706,IS0051778S,80100907M1337SA,CA,U,2500,2001,,8.00,8.00,0.00,0.00,INR,2022-08-18,,X,,,,1,LIN1,INR,88.2,0.0,33,2022,0.0,True
428,759009,2022,33,100808782,IS0052012S,BOE_BACS38W1,CA,U,2300,2001,,976.00,976.00,0.00,0.00,EUR,2022-08-15,L0022312,X,,,,1,LFR1,EUR,1.0,0.0,33,2022,0.0,True
429,759368,2022,33,100808784,IS0052181S,THL_NSA936603CC0100,CA,U,2300,2001,,0.00,0.00,0.00,0.00,EUR,2022-08-15,L0022312,X,,,,1,LFR1,EUR,1.0,0.0,33,2022,100.0,False
430,759369,2022,33,100808784,IS0052181S,THL_NSA936603CC0100,CA,U,2300,2001,,0.00,0.00,0.00,0.00,EUR,2022-08-15,L0022312,X,,,,1,LFR1,EUR,1.0,0.0,33,2022,100.0,False
431,759370,2022,33,100808784,IS0052181S,THL_NSA936603CC0100,CA,U,2300,2001,,5.00,5.00,0.00,0.00,EUR,2022-08-15,L0022312,X,,,,1,LFR1,EUR,1.0,0.0,33,2022,0.0,True
432,759371,2022,33,100808784,IS0052181S,THL_NSA936603CC0100,CA,U,2300,2001,,2.00,2.00,0.00,0.00,EUR,2022-08-15,L0022312,X,,,,1,LFR1,EUR,1.0,0.0,33,2022,0.0,True
433,759372,2022,33,100808784,IS0052181S,THL_NSA936603CC0100,CA,U,2300,2001,,9.00,9.00,0.00,0.00,EUR,2022-08-15,L0022312,X,,,,1,LFR1,EUR,1.0,0.0,33,2022,0.0,True
434,759373,2022,33,100808784,IS0052181S,THL_NSA936603CC0100,CA,U,2300,2001,,0.00,0.00,0.00,0.00,EUR,2022-08-15,L0022312,X,,,,1,LFR1,EUR,1.0,0.0,33,2022,100.0,False
435,759711,2022,33,100808784,IS0052406S,DMCMD20B,CA,U,2300,2001,,52.00,52.00,0.00,0.00,EUR,2022-08-15,L0022312,X,,,,1,LFR1,EUR,1.0,0.0,33,2022,0.0,True
436,759923,2022,33,100808784,IS0052539S,430250200,CA,U,2300,2001,,2.00,2.00,0.00,0.00,EUR,2022-08-15,L0022312,X,,,,1,LFR1,EUR,1.0,0.0,33,2022,0.0,True
437,761483,2022,33,100808784,IS0053630S,D37000G00AA,CA,U,2300,2001,,2.00,2.00,0.00,0.00,EUR,2022-08-15,L0022312,X,,,,1,LFR1,EUR,1.0,0.0,33,2022,0.0,True
438,761931,2022,33,100808784,IS0054310S,DCC05EVAPINK,CA,U,2300,2001,,3.00,3.00,0.00,0.00,EUR,2022-08-15,L0022312,X,,,,1,LFR1,EUR,1.0,0.0,33,2022,0.0,True
439,761946,2022,33,100808784,IS0054318S,M85049492S24W,CA,U,2300,2001,,21.00,21.00,0.00,0.00,EUR,2022-08-15,L0022312,X,,,,1,LFR1,EUR,1.0,0.0,33,2022,0.0,True
440,762551,2022,33,100808782,IS0055050H,LIO_154012010A,CA,U,2300,2001,,509.00,509.00,0.00,0.00,EUR,2022-08-15,L0022312,X,,,,1,LFR1,EUR,1.0,0.0,33,2022,0.0,True
441,765795,2022,33,100808782,IS0056419H,LIO_9457711127,CA,U,2300,2001,,327.00,327.00,0.00,0.00,EUR,2022-08-15,L0022312,X,,,,1,LFR1,EUR,1.0,0.0,33,2022,0.0,True
442,766008,2022,33,100808782,IS0056769H,LIO_PTN013,CA,M,2300,2001,,966.00,966.00,0.00,0.00,EUR,2022-08-15,L0022312,X,,,,1,LFR1,EUR,1.0,0.0,33,2022,0.0,True
443,767226,2022,33,100808815,IS0058047H,MIS_EN3646RS02255AN,CA,U,2110,2001,,2.00,0.00,-2.00,159.72,TND,2022-08-16,L0026595,X,,,,1,LTN1,TND,3.3,527.076,33,2022,-100.0,True
444,767229,2022,33,100808814,IS0058048H,TST_M85049492S16N,CA,U,2110,2001,,1.00,0.00,-1.00,62.40,TND,2022-08-16,L0026595,X,,,,1,LTN1,TND,3.3,205.9299,33,2022,-100.0,True
